tweet_id,rating_numerator,rating_denominator,favorite_count,retweet_count,dog_breed,confidence
892177421306343426,13,10,31238,5697,Chihuahua,0.323581
891815181378084864,12,10,23510,3777,Chihuahua,0.716012
891689557279858688,13,10,39502,7872,Labrador_retriever,0.168086
891327558926688256,12,10,37726,8481,basset,0.555712
891087950875897856,13,10,18999,2845,Chesapeake_Bay_retriever,0.425595
890971913173991426,13,10,11066,1848,Appenzeller,0.34170300000000003
890729181411237888,13,10,61014,17200,Pomeranian,0.566142
890609185150312448,13,10,26161,3913,Irish_terrier,0.487574
890240255349198849,14,10,29898,6696,Pembroke,0.511319
890006608113172480,13,10,28774,6678,Samoyed,0.957979
889880896479866881,13,10,26176,4549,French_bulldog,0.377417
889665388333682689,13,10,45070,9124,Pembroke,0.966327
889638837579907072,12,10,25375,4091,French_bulldog,0.99165
889531135344209921,13,10,14199,2057,golden_retriever,0.953442
889278841981685760,13,10,23636,4859,whippet,0.626152
888917238123831296,12,10,27300,4101,golden_retriever,0.714719
888804989199671297,13,10,23995,3870,golden_retriever,0.46976
888554962724278272,13,10,18522,3176,Siberian_husky,0.700377
888078434458587136,12,10,20437,3161,French_bulldog,0.995026
887705289381826560,13,10,28380,4912,basset,0.821664
887473957103951883,13,10,64484,16414,Pembroke,0.809197
887343217045368832,13,10,31580,9553,Mexican_hairless,0.330741
887101392804085760,12,10,28728,5443,Samoyed,0.733942
886983233522544640,13,10,32765,6999,Chihuahua,0.793469
886736880519319552,13,10,11242,2932,kuvasz,0.309706
886366144734445568,12,10,19836,2890,French_bulldog,0.999201
886258384151887873,13,10,26260,5765,pug,0.943575
885984800019947520,12,10,30554,6127,Blenheim_spaniel,0.972494
885528943205470208,13,10,33711,5830,pug,0.369275
885167619883638784,13,10,20538,3990,malamute,0.8124819999999999
884925521741709313,12,10,72339,16510,Italian_greyhound,0.259916
884876753390489601,13,10,26130,5092,chow,0.822103
884562892145688576,13,10,22801,4292,pug,0.5464060000000001
884441805382717440,14,10,25414,5200,Pembroke,0.993225
884162670584377345,12,10,19143,2733,German_shepherd,0.707046
883838122936631299,12,10,20509,3136,Doberman,0.610946
883482846933004288,5,10,42995,9018,golden_retriever,0.943082
883360690899218434,13,10,21272,3378,chow,0.987997
883117836046086144,13,10,34793,6058,golden_retriever,0.949562
882992080364220416,13,10,22406,3557,Eskimo_dog,0.466778
882762694511734784,12,10,26531,4464,Labrador_retriever,0.85005
882627270321602560,13,10,26264,5547,Pembroke,0.542982
882268110199369728,13,10,42052,10562,golden_retriever,0.762211
882045870035918850,13,10,27500,4462,golden_retriever,0.00694063
881906580714921986,12,10,22829,3104,Weimaraner,0.291539
881666595344535552,13,10,47524,9745,Saluki,0.529012
881536004380872706,14,10,46396,14576,Samoyed,0.281463
880872448815771648,12,10,19967,3495,Pembroke,0.791416
880465832366813184,12,10,26734,5679,golden_retriever,0.913255
880221127280381952,12,10,25311,3804,Chihuahua,0.238525
880095782870896641,11,10,25907,3965,miniature_pinscher,0.120298
879862464715927552,13,10,20998,3198,basset,0.813507
879492040517615616,12,10,22043,2908,German_short-haired_pointer,0.479896
879415818425184262,13,10,99280,40609,English_springer,0.383404
879376492567855104,12,10,15777,2860,Labrador_retriever,0.0334961
879008229531029506,13,10,17844,2452,vizsla,0.960513
878776093423087618,13,10,18181,3738,Italian_greyhound,0.734684
878281511006478336,13,10,7268,1179,basset,0.32042
878057613040115712,14,10,39559,6218,French_bulldog,0.839097
877736472329191424,13,10,74540,17342,Chesapeake_Bay_retriever,0.8379559999999999
877556246731214848,12,10,21330,3488,basset,0.995368
877316821321428993,13,10,25759,4767,Saluki,0.5099670000000001
877201837425926144,12,10,25473,5114,Pembroke,0.93112
876838120628539392,12,10,19463,3052,bloodhound,0.575751
876484053909872640,13,10,17651,2172,golden_retriever,0.874566
876120275196170240,13,10,26312,4282,Bernese_mountain_dog,0.534327
875747767867523072,13,10,23670,3913,Labrador_retriever,0.799551
875144289856114688,13,10,20619,4509,Siberian_husky,0.245048
875021211251597312,12,10,23988,4334,West_Highland_white_terrier,0.7143189999999999
874680097055178752,12,10,26175,4249,Labrador_retriever,0.836052
874296783580663808,13,10,24536,3770,cocker_spaniel,0.437216
874057562936811520,12,10,21392,3658,flat-coated_retriever,0.8321770000000001
874012996292530176,13,10,32302,9420,Cardigan,0.806674
873580283840344065,13,10,22830,3617,Newfoundland,0.678537
873213775632977920,12,10,6755,1469,vizsla,0.6197819999999999
872967104147763200,12,10,25713,4990,Labrador_retriever,0.476913
872820683541237760,13,10,13913,3428,pug,0.99912
872620804844003328,13,10,19549,3357,cocker_spaniel,0.513191
872486979161796608,12,10,38481,8336,Pembroke,0.931861
872486979161796608,12,10,38481,8336,Pembroke,0.931861
872122724285648897,12,10,32413,7467,pug,0.06673630000000001
871879754684805121,13,10,35504,10143,Shetland_sheepdog,0.969171
871762521631449091,12,10,19108,3224,Labrador_retriever,0.921393
871515927908634625,12,10,19072,3216,komondor,0.974781
871032628920680449,13,10,21511,3540,kelpie,0.3980530000000001
870656317836468226,13,10,11700,2452,Pembroke,0.945495
870374049280663552,13,10,78595,24545,golden_retriever,0.841001
870308999962521604,13,10,20761,3851,Greater_Swiss_Mountain_dog,0.6227520000000001
869772420881756160,13,10,40332,9396,Pembroke,0.980148
869702957897576449,13,10,26784,5859,Pembroke,0.993449
869596645499047938,12,10,15141,2905,Chihuahua,0.955156
869227993411051520,13,10,19375,3515,Pembroke,0.664181
868880397819494401,14,10,62111,13432,French_bulldog,0.0999839
868622495443632128,13,10,25359,4937,Labrador_retriever,0.868107
868552278524837888,12,10,9575,1936,whippet,0.378151
867900495410671616,12,10,23006,3898,Labrador_retriever,0.522644
867774946302451713,13,10,32310,6859,Border_collie,0.661953
867421006826221569,12,10,15309,2324,Eskimo_dog,0.6164569999999999
867051520902168576,13,10,30669,7361,Samoyed,0.471403
866686824827068416,12,10,18367,3269,flat-coated_retriever,0.51473
866450705531457537,13,10,116425,32954,French_bulldog,0.905334
866334964761202691,12,10,49945,13349,Samoyed,0.984086
865718153858494464,13,10,24467,5268,golden_retriever,0.673664
865359393868664832,13,10,25264,4697,Chesapeake_Bay_retriever,0.832435
865006731092295680,13,10,26741,7220,Pembroke,0.989882
864279568663928832,12,10,13923,2838,bull_mastiff,0.668613
864197398364647424,13,10,28654,8328,golden_retriever,0.945905
863553081350529029,13,10,14598,3941,Eskimo_dog,0.41333
863432100342583297,12,10,22751,4944,Staffordshire_bullterrier,0.690517
863079547188785154,14,10,8408,1047,Lakeland_terrier,0.275242
863062471531167744,13,10,8101,2288,French_bulldog,0.935804
862831371563274240,13,10,18385,4855,Australian_terrier,0.207281
862722525377298433,11,10,16370,3340,basset,0.39333
862096992088072192,13,10,71153,21839,chow,0.677589
861383897657036800,13,10,34587,10117,Cardigan,0.771008
861288531465048066,13,10,16484,3911,Bouvier_des_Flandres,0.0826102
861005113778896900,12,10,16029,3610,German_shepherd,0.507951
860563773140209665,13,10,7197,2032,Cardigan,0.583936
860524505164394496,13,10,22700,5033,Bedlington_terrier,0.286558
859924526012018688,12,10,18842,3898,French_bulldog,0.254587
859851578198683649,13,10,14838,3334,Labrador_retriever,0.899086
859607811541651456,13,10,17922,1487,golden_retriever,0.8955290000000001
859196978902773760,12,10,86556,28644,malamute,0.216163
858843525470990336,13,10,15023,3320,golden_retriever,0.57812
858471635011153920,13,10,20735,4629,Pembroke,0.987407
858107933456039936,12,10,15201,2771,golden_retriever,0.863874
857989990357356544,12,10,15536,2479,French_bulldog,0.43258
857746408056729600,13,10,33091,10146,Labrador_retriever,0.919832
857393404942143489,13,10,5693,1572,malamute,0.8415969999999999
857263160327368704,13,10,19394,4323,Samoyed,0.998021
857029823797047296,12,10,18239,3813,golden_retriever,0.968623
856543823941562368,12,10,15816,2768,Boston_bull,0.30691
856526610513747968,14,10,11500,1801,Old_English_sheepdog,0.798481
856282028240666624,14,10,26902,6041,Chihuahua,0.8765430000000001
855851453814013952,13,10,44423,17347,flat-coated_retriever,0.321676
855459453768019968,12,10,29009,7924,Blenheim_spaniel,0.389513
854732716440526848,12,10,22159,5857,Pembroke,0.6955479999999999
854482394044301312,13,10,28576,6646,Chihuahua,0.26024200000000003
854365224396361728,13,10,18419,4538,Pembroke,0.90708
854120357044912130,14,10,31222,7230,black-and-tan_coonhound,0.8548610000000001
854010172552949760,11,10,15841,3055,English_springer,0.354733
853760880890318849,12,10,27911,5567,miniature_pinscher,0.29251900000000003
853639147608842240,13,10,33902,9745,German_shepherd,0.509879
852912242202992640,12,10,8837,1764,Great_Dane,0.7837649999999999
852672615818899456,12,10,14599,2102,golden_retriever,0.7112350000000001
852553447878664193,13,10,15966,3382,bloodhound,0.186498
852189679701164033,12,10,11248,1553,Bernese_mountain_dog,0.415374
851591660324737024,11,10,15977,3397,Cardigan,0.394507
851224888060895234,13,10,20340,5605,standard_poodle,0.00568265
850753642995093505,11,10,30308,8930,pug,0.996952
850380195714523136,13,10,12894,2554,Yorkshire_terrier,0.249012
850145622816686080,11,10,16072,3713,kelpie,0.10539
850019790995546112,12,10,20100,4778,Shetland_sheepdog,0.759907
849776966551130114,12,10,30006,7443,Chihuahua,0.292092
849412302885593088,12,10,15648,3101,schipperke,0.907559
848690551926992896,12,10,24861,4245,flat-coated_retriever,0.8236479999999999
848324959059550208,12,10,24400,4544,malamute,0.5445760000000001
848212111729840128,6,10,16126,2990,Bedlington_terrier,0.333486
847842811428974592,12,10,5382,1312,Bernese_mountain_dog,0.951337
847606175596138505,12,10,18561,3380,Cardigan,0.413688
847251039262605312,12,10,20283,4254,Airedale,0.49538
847157206088847362,11,10,19684,5763,Staffordshire_bullterrier,0.21960900000000005
847116187444137987,11,10,21252,3134,American_Staffordshire_terrier,0.113434
846874817362120707,13,10,19897,3879,Shetland_sheepdog,0.450539
846514051647705089,13,10,44218,11407,golden_retriever,0.650003
846153765933735936,13,10,31333,8929,giant_schnauzer,0.346468
846042936437604353,12,10,15843,2832,golden_retriever,0.96111
845812042753855489,13,10,28988,8596,Samoyed,0.979803
845677943972139009,12,10,24996,4739,chow,0.8086810000000001
845397057150107648,13,10,7579,1785,Dandie_Dinmont,0.394404
845306882940190720,12,10,23159,5332,Irish_water_spaniel,0.567475
844979544864018432,13,10,13544,2529,Shetland_sheepdog,0.000132068
844973813909606400,12,10,14973,3155,Labrador_retriever,0.742421
844973813909606400,12,10,14973,3155,Labrador_retriever,0.742421
844223788422217728,12,10,13564,2179,Labrador_retriever,0.71951
843856843873095681,12,10,21337,4579,Labrador_retriever,0.92254
843604394117681152,11,10,16787,2723,Labrador_retriever,0.430583
843235543001513987,13,10,21402,5979,Pembroke,0.958452
842846295480000512,13,10,15221,3613,Labrador_retriever,0.461076
842765311967449089,12,10,6699,1269,Labrador_retriever,0.0293399
842535590457499648,13,10,18027,3480,Pembroke,0.685084
842163532590374912,12,10,24346,5752,French_bulldog,0.891227
842115215311396866,12,10,13933,3012,chow,0.293493
841680585030541313,12,10,25640,7765,Chihuahua,0.547401
841439858740625411,14,10,12619,3669,Labrador_retriever,0.0481999
841314665196081154,13,10,15797,4625,Afghan_hound,0.903712
841077006473256960,12,10,22810,5285,Brittany_spaniel,0.962985
840632337062862849,12,10,8985,1759,golden_retriever,0.711148
840268004936019968,12,10,19219,5704,Chesapeake_Bay_retriever,0.8639870000000001
839990271299457024,13,10,13402,2270,Staffordshire_bullterrier,0.604938
839549326359670784,12,10,27443,7720,Norwich_terrier,0.05248
839239871831150596,13,10,27085,6516,Leonberg,0.927021
838921590096166913,13,10,11148,2060,Border_terrier,0.664538
838561493054533637,13,10,10942,1335,kelpie,0.216562
838476387338051585,13,10,22508,4768,Great_Pyrenees,0.997692
838083903487373313,13,10,17631,3134,chow,0.800975
837820167694528512,12,10,34141,7852,golden_retriever,0.887625
837471256429613056,12,10,12824,2275,Norwegian_elkhound,0.976255
837471256429613056,12,10,12824,2275,Norwegian_elkhound,0.976255
837110210464448512,13,10,16085,2366,Siberian_husky,0.767696
836989968035819520,12,10,12789,2293,toy_poodle,0.005887300000000001
836753516572119041,12,10,19351,4642,schipperke,0.0115635
836260088725786625,13,10,21349,4308,borzoi,0.564688
836001077879255040,13,10,19120,4269,Samoyed,0.963558
835574547218894849,11,10,17825,3628,Staffordshire_bullterrier,0.6106550000000001
835297930240217089,12,10,16510,3023,Rottweiler,0.341276
835264098648616962,12,10,7757,1702,Chesapeake_Bay_retriever,0.0875033
835172783151792128,12,10,26246,5780,Border_collie,0.663138
834931633769889797,12,10,10836,1650,soft-coated_wheaten_terrier,0.196476
834786237630337024,13,10,21418,5514,Border_terrier,0.156276
834574053763584002,13,10,13703,2544,golden_retriever,0.226564
834458053273591808,12,10,9649,1691,Rhodesian_ridgeback,0.468619
834209720923721728,12,10,20673,4769,golden_retriever,0.754799
834086379323871233,12,10,13125,2218,Labrador_retriever,0.0452627
833863086058651648,12,10,13478,2418,kuvasz,0.494969
833826103416520705,13,10,18120,3790,Chihuahua,0.438054
833722901757046785,13,10,20887,3232,West_Highland_white_terrier,0.918144
833479644947025920,13,10,14894,2062,golden_retriever,0.727039
833124694597443584,12,10,20288,4862,Cardigan,0.7105229999999999
832998151111966721,13,10,13318,2215,boxer,0.539036
832757312314028032,13,10,16937,3646,Cardigan,0.160888
832636094638288896,12,10,15922,2803,Eskimo_dog,0.5250319999999999
832397543355072512,12,10,12015,2230,Pekinese,0.988916
832369877331693569,11,10,17254,3208,kelpie,0.50469
832273440279240704,14,10,11403,2351,Pembroke,0.134081
832032802820481025,12,10,17969,4684,whippet,0.601712
831939777352105988,12,10,24128,6170,Pomeranian,0.153862
831911600680497154,14,10,27782,6545,bloodhound,0.777562
831670449226514432,13,10,10503,1834,Pembroke,0.6248020000000001
831650051525054464,13,10,7187,1939,Eskimo_dog,0.530416
831552930092285952,13,10,9028,2326,Chihuahua,0.257415
831322785565769729,12,10,9322,1563,Old_English_sheepdog,0.999715
831315979191906304,13,10,6583,1134,briard,0.982755
831309418084069378,12,10,11822,2481,Doberman,0.369389
831262627380748289,12,10,11982,2064,cocker_spaniel,0.26332300000000003
830956169170665475,12,10,8026,1508,kuvasz,0.451516
830583320585068544,13,10,67293,16895,Labrador_retriever,0.908703
830097400375152640,13,10,9873,2972,toy_poodle,0.442713
829861396166877184,12,10,12317,1964,Border_terrier,0.394486
829501995190984704,12,10,31975,10683,French_bulldog,0.950851
829449946868879360,11,10,10534,2041,Labrador_retriever,0.315163
829449946868879360,11,10,10534,2041,Labrador_retriever,0.315163
829141528400556032,12,10,24579,7411,golden_retriever,0.57314
829011960981237760,13,10,53482,16428,boxer,0.312221
828770345708580865,13,10,25765,5919,Chesapeake_Bay_retriever,0.0338986
828708714936930305,10,10,36772,11273,Mexican_hairless,0.00838837
828650029636317184,14,10,9589,1363,golden_retriever,0.649209
828409743546925057,12,10,6397,1174,toy_poodle,0.0180398
828408677031882754,12,10,7730,1304,Weimaraner,0.13303299999999998
828381636999917570,14,10,12684,2232,Bedlington_terrier,0.392535
828376505180889089,13,10,7438,1082,American_Staffordshire_terrier,0.5230859999999999
828372645993398273,12,10,12643,2969,malamute,0.663047
828011680017821696,11,10,10432,2169,American_Staffordshire_terrier,0.936662
827933404142436356,12,10,20279,5295,German_shepherd,0.8061149999999999
827653905312006145,12,10,15614,3042,collie,0.285555
827600520311402496,13,10,7506,953,Pembroke,0.32563800000000004
827324948884643840,12,10,15996,3082,golden_retriever,0.352486
827199976799354881,13,10,10673,2242,Great_Dane,0.8696809999999999
826958653328592898,12,10,21767,5056,golden_retriever,0.6173890000000001
826848821049180160,13,10,36683,10271,Great_Pyrenees,0.858764
826598365270007810,13,10,10138,2369,French_bulldog,0.628119
826476773533745153,12,10,18578,4234,German_shepherd,0.7418600000000001
826240494070030336,11,10,13422,2636,French_bulldog,0.903048
826204788643753985,13,10,4926,935,Labrador_retriever,0.782058
826115272272650244,13,10,15807,3172,golden_retriever,0.00233085
825829644528148480,12,10,12850,2518,Great_Pyrenees,0.8534069999999999
825535076884762624,14,10,57350,17716,Rottweiler,0.681495
825147591692263424,13,10,18497,4599,Pekinese,0.354823
825026590719483904,12,10,6373,1278,Eskimo_dog,0.524454
824775126675836928,12,10,15084,3563,Border_terrier,0.610499
824663926340194305,13,10,10622,1790,English_setter,0.526488
824325613288833024,13,10,11951,10637,Pembroke,0.990793
823939628516474880,12,10,10737,2740,schipperke,0.23407600000000006
823699002998870016,12,10,14147,2553,cairn,0.203999
823581115634085888,11,10,13167,2658,German_shepherd,0.194044
823322678127919110,11,10,15903,4084,Chihuahua,0.00183635
822975315408461824,12,10,17495,3496,Pembroke,0.233162
822872901745569793,13,10,133068,43831,Lakeland_terrier,0.196015
822859134160621569,12,10,13434,2311,malinois,0.332897
822610361945911296,12,10,14995,2997,cocker_spaniel,0.6644869999999999
822489057087389700,13,10,18375,6495,Samoyed,0.416769
822462944365645825,14,10,28383,14513,Pomeranian,0.960199
822244816520155136,11,10,35368,10020,Samoyed,0.585441
821886076407029760,13,10,11463,2351,golden_retriever,0.26623800000000003
821765923262631936,13,10,8515,1678,golden_retriever,0.980071
821522889702862852,13,10,8132,1790,Doberman,0.7635390000000001
821407182352777218,14,10,11931,4404,Irish_setter,0.5054960000000001
821149554670182400,12,10,8759,2021,German_shepherd,0.515933
821107785811234820,11,10,9720,2166,Pomeranian,0.85659
821044531881721856,12,10,12820,2314,Old_English_sheepdog,0.14802
820749716845686786,13,10,31978,10046,golden_retriever,0.8380120000000001
820314633777061888,14,10,3390,572,Gordon_setter,0.940724
819952236453363712,13,10,5406,1194,American_Staffordshire_terrier,0.925505
819711362133872643,11,10,13586,3165,toy_poodle,0.0220094
819588359383371776,13,10,9768,2020,Cardigan,0.5479350000000001
819347104292290561,12,10,7319,1227,Rottweiler,0.909106
819227688460238848,12,10,23407,6836,Border_terrier,0.4824520000000001
819004803107983360,14,10,88103,37415,standard_poodle,0.351308
818627210458333184,13,10,22729,7661,Labrador_retriever,0.384188
818614493328580609,12,10,9987,2609,Chihuahua,0.450722
818536468981415936,11,10,11054,2502,Welsh_springer_spaniel,6.229489999999999e-05
818259473185828864,12,10,11181,2307,miniature_schnauzer,0.367368
818145370475810820,11,10,12481,2614,golden_retriever,0.621931
817827839487737858,13,10,52461,27526,cocker_spaniel,0.387608
817777686764523521,13,10,10909,2738,curly-coated_retriever,0.733256
817536400337801217,12,10,11953,3020,pug,0.971358
817423860136083457,13,10,34376,14982,Samoyed,0.201358
817415592588222464,11,10,5687,970,Doberman,0.806163
817171292965273600,13,10,8910,2059,golden_retriever,0.295483
817120970343411712,13,10,12401,2647,Saluki,0.568809
817056546584727552,11,10,8727,1674,kelpie,0.8644149999999999
816816676327063552,12,10,10180,2077,malamute,0.668164
816697700272001025,12,10,9956,2236,Chihuahua,0.756992
816336735214911488,11,10,8738,1980,Labrador_retriever,0.91933
816091915477250048,12,10,9071,2182,Pomeranian,0.967345
815990720817401858,11,10,5033,1041,Chihuahua,0.428756
815966073409433600,13,10,22779,8610,Tibetan_mastiff,0.506312
815736392542261248,11,10,10007,2310,Border_collie,0.5489069999999999
815639385530101762,12,10,8359,1678,German_shepherd,0.8179529999999999
814986499976527872,11,10,7776,1300,dalmatian,0.999828
814638523311648768,12,10,11460,2749,golden_retriever,0.650814
814530161257443328,12,10,8802,1904,miniature_poodle,0.626913
814153002265309185,12,10,29263,8850,golden_retriever,0.490068
813910438903693312,11,10,9457,1904,Siberian_husky,0.6993550000000001
813812741911748608,14,10,37049,14249,French_bulldog,0.709146
813800681631023104,12,10,8459,1801,malamute,0.501159
813217897535406080,13,10,18975,7439,Samoyed,0.905972
813202720496779264,11,10,9398,1843,cocker_spaniel,0.701852
813187593374461952,13,10,20238,4456,golden_retriever,0.888181
813172488309972993,12,10,9439,1965,golden_retriever,0.0261931
813157409116065792,12,10,7906,2258,Pembroke,0.07056710000000001
813142292504645637,13,10,8618,2432,beagle,0.848735
813127251579564032,11,10,12059,3194,Norwegian_elkhound,0.432416
813112105746448384,12,10,10493,2799,Pembroke,0.140682
813096984823349248,11,10,10758,3692,Great_Dane,0.128056
813081950185472002,11,10,10066,2832,Doberman,0.909951
813066809284972545,12,10,8094,1995,toy_terrier,0.7764
813051746834595840,13,10,21366,7513,golden_retriever,0.914804
812781120811126785,10,10,7715,1947,bull_mastiff,0.989316
812709060537683968,12,10,6739,1462,Irish_setter,0.326873
812466873996607488,12,10,8112,1976,Great_Dane,0.0782055
812372279581671427,13,10,13906,3736,golden_retriever,0.7848729999999999
811985624773361665,11,10,7391,1432,Staffordshire_bullterrier,0.6105729999999999
811744202451197953,13,10,7680,1634,Pekinese,0.386082
811627233043480576,10,10,13008,3150,beagle,0.39628
811386762094317568,11,10,21315,6514,Pembroke,0.804177
810896069567610880,11,10,9185,1809,flat-coated_retriever,0.8208040000000001
810657578271330305,11,10,11183,2707,malamute,0.753521
810284430598270976,13,10,35962,11546,malamute,0.620768
810254108431155201,12,10,14990,3444,Staffordshire_bullterrier,0.292556
809920764300447744,10,10,15824,4030,Norwich_terrier,0.397163
809448704142938112,12,10,7064,1499,Greater_Swiss_Mountain_dog,0.375415
809220051211603969,12,10,20313,5720,Pomeranian,0.8195110000000001
809084759137812480,11,10,13500,3607,vizsla,0.911412
808838249661788160,13,10,10307,3112,Rottweiler,0.36953
808733504066486276,12,10,8052,2214,toy_poodle,0.0369271
808501579447930884,12,10,11518,2664,Airedale,0.4542390000000001
808106460588765185,12,10,8963,2253,golden_retriever,0.426183
808001312164028416,12,10,12775,3610,Labrador_retriever,0.730959
807621403335917568,14,10,14865,3708,golden_retriever,0.873233
807106840509214720,13,10,120695,56714,Chihuahua,0.50537
807010152071229440,12,10,13332,3947,golden_retriever,0.610807
806629075125202948,13,10,76245,35477,cocker_spaniel,0.0464032
806542213899489280,11,10,10423,2406,vizsla,0.938617
806219024703037440,11,10,6559,1219,chow,0.835102
805932879469572096,12,10,8434,1960,Norwegian_elkhound,0.657967
805826884734976000,12,10,6699,1869,Siberian_husky,0.248926
805520635690676224,13,10,5866,1692,malinois,0.643147
805207613751304193,12,10,7983,1755,Pembroke,0.244705
804738756058218496,12,10,13958,3908,Tibetan_mastiff,0.91579
803773340896923648,12,10,10266,2808,miniature_pinscher,0.817066
803638050916102144,13,10,11167,4229,Labrador_retriever,0.372776
803276597545603072,11,10,10234,2512,Pembroke,0.457086
802952499103731712,12,10,9195,2057,chow,0.944032
802572683846291456,12,10,9106,2570,golden_retriever,0.610171
802265048156610565,11,10,6906,1409,Labrador_retriever,0.8971620000000001
802239329049477120,12,10,9260,2683,Eskimo_dog,0.482498
801958328846974976,12,10,7903,1751,Staffordshire_bullterrier,0.327887
801538201127157760,12,10,8390,2116,Pembroke,0.550506
801167903437357056,13,10,24984,6067,cocker_spaniel,0.74022
801115127852503040,12,10,8236,2153,dalmatian,0.823356
800751577355128832,12,10,10763,2864,cocker_spaniel,0.771984
800513324630806528,11,10,13404,3059,Pembroke,0.8289040000000001
800388270626521089,12,10,11371,2874,golden_retriever,0.35986
800141422401830912,13,10,15592,2606,golden_retriever,0.938048
799757965289017345,13,10,8565,2219,Border_collie,0.442534
799422933579902976,12,10,8215,1970,miniature_pinscher,0.58363
799297110730567681,11,10,10091,2829,malamute,0.985028
799063482566066176,11,10,8223,2519,Norfolk_terrier,0.334436
798933969379225600,12,10,13363,4575,Siberian_husky,0.703224
798925684722855936,11,10,7645,1475,West_Highland_white_terrier,0.539463
798209839306514432,13,10,10633,2618,Pekinese,0.524583
797971864723324932,12,10,11857,3181,American_Staffordshire_terrier,0.489845
797545162159308800,12,10,14847,4988,Pembroke,0.954089
797236660651966464,12,10,20356,6744,collie,0.767005
796865951799083009,12,10,7835,1957,Cardigan,0.8391290000000001
796759840936919040,11,10,12084,3113,American_Staffordshire_terrier,0.463996
796484825502875648,12,10,7730,1802,cocker_spaniel,0.116924
796387464403357696,12,10,11224,4249,Pekinese,0.461164
796149749086875649,11,10,32926,14626,golden_retriever,0.600276
796116448414461957,11,10,9288,2474,Cardigan,0.700182
796080075804475393,12,10,8632,2366,chow,0.973846
796031486298386433,13,10,11029,3799,golden_retriever,0.893775
795464331001561088,13,10,50680,24216,golden_retriever,0.193082
795400264262053889,12,10,10275,2946,golden_retriever,0.925494
794926597468000259,12,10,10462,2364,toy_poodle,0.0376618
794332329137291264,12,10,9765,2740,Samoyed,0.988307
793962221541933056,12,10,17182,5004,Labrador_retriever,0.8616510000000001
793845145112371200,13,10,9415,1915,Old_English_sheepdog,0.7652770000000001
793601777308463104,12,10,8145,1668,miniature_pinscher,0.538981
793500921481273345,12,10,10900,2432,golden_retriever,0.326122
793286476301799424,13,10,25111,9393,Afghan_hound,0.274637
793271401113350145,12,10,8873,2449,Siberian_husky,0.231695
793256262322548741,12,10,20382,8539,basset,0.207622
793241302385262592,13,10,10738,3374,golden_retriever,0.559308
793226087023144960,11,10,10041,2939,wire-haired_fox_terrier,0.456047
793210959003287553,10,10,9109,2865,French_bulldog,0.0187591
793195938047070209,12,10,15606,5765,Labrador_retriever,0.654762
793180763617361921,11,10,7081,2049,Lakeland_terrier,0.266824
793165685325201412,12,10,9608,2853,golden_retriever,0.946224
793150605191548928,11,10,6308,1742,Italian_greyhound,0.193869
793120401413079041,11,10,12936,4011,Labrador_retriever,0.7249439999999999
792883833364439040,12,10,11543,4367,standard_poodle,8.31451e-05
792773781206999040,12,10,7495,1715,Yorkshire_terrier,0.912804
792394556390137856,12,10,13724,4397,cocker_spaniel,0.746387
792050063153438720,11,10,7294,1843,komondor,0.942856
791672322847637504,13,10,11981,3211,golden_retriever,0.705092
791406955684368384,12,10,13396,4214,Pembroke,0.972629
791312159183634433,12,10,8960,2596,miniature_pinscher,0.892925
790987426131050500,12,10,10030,2181,cocker_spaniel,0.349195
790946055508652032,12,10,16970,4789,golden_retriever,0.245773
790698755171364864,12,10,8386,1971,Bernese_mountain_dog,0.996541
790581949425475584,11,10,21080,7326,malinois,0.000152999
790337589677002753,12,10,7990,1921,Pembroke,0.658808
790277117346975746,11,10,12807,3245,Labrador_retriever,0.427742
789986466051088384,12,10,9440,2363,golden_retriever,0.07853049999999999
789628658055020548,13,10,7640,1810,chow,0.260702
789599242079838210,12,10,6897,1970,Chesapeake_Bay_retriever,0.8788219999999999
789530877013393408,12,10,11966,3454,schipperke,0.363272
789268448748703744,10,10,9281,2661,malamute,0.81286
789137962068021249,12,10,9907,2863,Chihuahua,0.746135
788908386943430656,11,10,27967,12748,golden_retriever,0.0340897
788765914992902144,12,10,27890,10551,cocker_spaniel,0.500509
788412144018661376,11,10,15847,5391,golden_retriever,0.805238
788178268662984705,13,10,7362,2140,Samoyed,0.73548
788150585577050112,13,10,6236,1312,chow,0.814145
787810552592695296,11,10,8799,3115,pug,0.362835
787717603741622272,13,10,10451,2844,German_shepherd,0.992339
787397959788929025,11,10,11085,2902,Chihuahua,0.900483
787322443945877504,10,10,7933,1777,golden_retriever,0.105703
786963064373534720,12,10,27121,8139,golden_retriever,0.915303
786664955043049472,12,10,10797,2612,Leonberg,0.512034
786595970293370880,11,10,9606,3177,Pembroke,0.709512
786363235746385920,13,10,11082,3585,golden_retriever,0.929266
786233965241827333,11,10,15548,4842,Labrador_retriever,0.478193
785927819176054784,12,10,11601,3247,toy_poodle,0.00849262
785872687017132033,12,10,6812,1856,Great_Pyrenees,0.392108
785533386513321988,11,10,9268,2034,miniature_pinscher,0.436023
785264754247995392,12,10,7393,1676,chow,0.056137
785170936622350336,11,10,12248,4934,Eskimo_dog,0.0274944
784826020293709826,13,10,10298,3306,chow,0.0903414
784517518371221505,11,10,9130,2587,malamute,0.757764
784431430411685888,12,10,5793,1293,miniature_poodle,0.744819
783821107061198850,12,10,7479,2008,Lakeland_terrier,0.26565900000000003
783695101801398276,12,10,10643,3279,chow,0.314265
783466772167098368,11,10,8598,2289,Chihuahua,0.789
783391753726550016,13,10,17160,5589,Norwegian_elkhound,0.87713
783334639985389568,12,10,29647,11901,Cardigan,0.593858
783085703974514689,11,10,8290,2240,Chesapeake_Bay_retriever,0.240602
782969140009107456,12,10,24520,7509,golden_retriever,0.17139300000000002
782747134529531904,11,10,7604,1438,golden_retriever,0.560699
782722598790725632,10,10,17574,5492,Irish_setter,0.574557
782598640137187329,11,10,7924,1907,malamute,0.8408709999999999
782305867769217024,12,10,16920,5676,briard,0.5044270000000001
781661882474196992,5,10,10601,2772,Pembroke,0.438087
781524693396357120,12,10,21067,5659,Chesapeake_Bay_retriever,0.0035225
781251288990355457,11,10,8565,2116,Mexican_hairless,0.8877709999999999
781163403222056960,10,10,9960,2786,Shetland_sheepdog,0.973841
780858289093574656,10,10,7301,2045,Chesapeake_Bay_retriever,0.488555
780800785462489090,11,10,5576,1324,Siberian_husky,0.951963
780601303617732608,12,10,12297,3400,Saint_Bernard,0.995143
780543529827336192,12,10,6403,1769,golden_retriever,0.628312
780459368902959104,11,10,5373,1095,Great_Dane,0.382491
780192070812196864,11,10,8833,2282,vizsla,0.144012
779834332596887552,11,10,19194,7165,golden_retriever,0.99383
779056095788752897,13,10,14985,4600,Chihuahua,0.721188
778990705243029504,11,10,20264,7328,cocker_spaniel,0.7153510000000001
778748913645780993,11,10,6982,1335,Staffordshire_bullterrier,0.351434
778650543019483137,10,10,5856,1528,German_shepherd,0.515699
778624900596654080,11,10,4706,1024,Airedale,0.786089
778408200802557953,14,10,13806,4401,Pembroke,0.8483620000000001
778383385161035776,13,10,5919,1120,collie,0.345266
778286810187399168,11,10,10529,3350,Boston_bull,0.32207
778039087836069888,12,10,8622,2687,German_shepherd,0.717776
777885040357281792,3,10,6437,1651,Afghan_hound,0.123529
777684233540206592,12,10,11390,2978,cocker_spaniel,0.253442
777621514455814149,12,10,8867,2534,chow,0.999823
777189768882946048,12,10,14465,4365,Chihuahua,0.988412
776813020089548800,12,10,4935,1231,toy_poodle,0.51661
776477788987613185,11,10,8937,2824,Labrador_retriever,0.8848389999999999
776218204058357768,13,10,30314,16088,Samoyed,0.940326
776201521193218049,10,10,9749,2545,Rottweiler,0.502228
776088319444877312,10,10,1860,153,pug,7.657020000000001e-05
775842724423557120,12,10,11871,2694,chow,0.520022
775364825476165632,11,10,7486,3013,beagle,0.571229
775085132600442880,13,10,15753,4804,chow,0.316565
774757898236878852,12,10,8710,1811,toy_poodle,0.7199409999999999
774639387460112384,10,10,6818,1755,Walker_hound,0.6275930000000001
774314403806253056,14,10,22035,5604,Eskimo_dog,0.5960449999999999
773985732834758656,11,10,10860,3925,pug,0.10957
773922284943896577,12,10,6473,1770,Pomeranian,0.554331
773704687002451968,12,10,6686,1649,silky_terrier,0.324251
773670353721753600,10,10,5409,1330,Old_English_sheepdog,0.969311
773547596996571136,11,10,22387,6257,Norwegian_elkhound,0.372202
773308824254029826,12,10,23588,7572,Labrador_retriever,0.151406
773247561583001600,10,10,9570,3287,miniature_pinscher,0.08336879999999999
773191612633579521,12,10,10104,4200,Blenheim_spaniel,0.427766
772877495989305348,11,10,8670,3933,Norwegian_elkhound,0.138523
772826264096874500,11,10,8161,2380,basset,0.915351
772581559778025472,10,10,6578,1718,Newfoundland,0.574345
772193107915964416,12,10,6114,1410,Pembroke,0.367945
772152991789019136,10,10,3839,1145,golden_retriever,0.275318
772117678702071809,12,10,3820,750,Labrador_retriever,0.217821
772114945936949249,10,10,2753,473,Chihuahua,0.803293
772102971039580160,11,10,4044,951,Pembroke,0.54178
771770456517009408,11,10,12138,3427,papillon,0.53318
771500966810099713,12,10,8341,2639,Labrador_retriever,0.833952
771380798096281600,11,10,10601,5154,collie,0.503728
771136648247640064,11,10,9247,2967,golden_retriever,0.297402
771102124360998913,12,10,6306,1458,Labrador_retriever,0.568789
770787852854652928,10,10,4979,1215,Bernese_mountain_dog,0.787812
770772759874076672,11,10,5235,1430,chow,0.979515
770414278348247044,11,10,6386,2125,golden_retriever,0.0535696
770293558247038976,10,10,6305,1500,Italian_greyhound,0.931668
770069151037685760,10,10,7679,2322,Boston_bull,0.414965
769940425801170949,12,10,31703,9682,miniature_pinscher,0.796313
769695466921623552,13,10,6474,1696,pug,0.407117
769212283578875904,12,10,5453,1745,golden_retriever,0.16653800000000002
768970937022709760,12,10,14513,6589,Pomeranian,0.182358
768855141948723200,11,10,4240,899,chow,0.7202189999999999
768609597686943744,10,10,4167,1217,basenji,0.183283
768596291618299904,12,10,5086,1293,Great_Pyrenees,0.729745
768473857036525572,11,10,13745,3475,Labrador_retriever,0.73917
767754930266464257,11,10,16156,5447,vizsla,0.307794
767500508068192258,12,10,7562,2365,chow,0.483228
767122157629476866,13,10,10261,2889,toy_poodle,0.873841
766793450729734144,10,10,5113,1367,beagle,0.451697
766693177336135680,11,10,4048,803,Doberman,0.948355
766423258543644672,9,10,6048,1607,keeshond,0.995823
766313316352462849,12,10,6849,1911,toy_poodle,0.966896
766069199026450432,12,10,4265,861,redbone,0.484855
766008592277377025,11,10,3775,503,Welsh_springer_spaniel,0.7281529999999999
765719909049503744,12,10,7293,2169,golden_retriever,0.969518
765669560888528897,12,10,5232,1237,beagle,0.993333
765395769549590528,13,10,26823,3412,Pembroke,0.509491
765371061932261376,11,10,7124,2189,golden_retriever,0.829456
765222098633691136,10,10,11730,3426,dalmatian,0.556595
764857477905154048,12,10,6509,1792,Bernese_mountain_dog,0.7920590000000001
764259802650378240,10,10,6069,1516,German_shepherd,0.973677
763837565564780549,11,10,12699,4196,malamute,0.375098
763183847194451968,8,10,5427,1484,miniature_poodle,0.354674
763103485927849985,10,10,7414,2312,chow,0.0390848
762699858130116608,11,10,12236,3651,kelpie,0.519047
762471784394268675,12,10,11302,6469,Samoyed,0.540276
762464539388485633,12,10,10379,4211,chow,0.999953
761976711479193600,12,10,5445,2027,Labrador_retriever,0.475552
761599872357261312,11,10,4154,1197,Gordon_setter,0.240427
761334018830917632,10,10,5225,1463,Norwegian_elkhound,0.8229360000000001
761292947749015552,11,10,4516,1092,standard_poodle,0.6608930000000001
761227390836215808,10,10,5356,1579,French_bulldog,0.280802
761004547850530816,11,10,11408,3501,golden_retriever,0.735163
760893934457552897,11,10,3844,986,Blenheim_spaniel,0.113992
760656994973933572,11,10,6624,1927,golden_retriever,0.760546
760539183865880579,12,10,7611,3652,Samoyed,0.988013
760290219849637889,13,10,26998,11584,Old_English_sheepdog,0.3022
759923798737051648,10,10,14767,5694,Labrador_retriever,0.324579
759846353224826880,11,10,6782,1990,Sussex_spaniel,0.355395
759793422261743616,12,10,5999,1929,golden_retriever,0.985876
759557299618865152,10,10,4730,1196,golden_retriever,0.763333
759447681597108224,11,10,8539,2470,kuvasz,0.223148
759197388317847553,12,10,6113,1959,kuvasz,0.5113409999999999
759099523532779520,7,10,14625,4198,Shetland_sheepdog,0.12903399999999998
759047813560868866,11,10,6537,2033,Labrador_retriever,0.778546
758854675097526272,11,10,3575,903,Old_English_sheepdog,0.0237914
758828659922702336,13,10,11286,3862,Chesapeake_Bay_retriever,0.480048
758740312047005698,12,10,5774,1621,Chesapeake_Bay_retriever,0.848514
758474966123810816,11,10,3831,1009,Pembroke,0.546145
758405701903519748,10,10,5237,1922,Chesapeake_Bay_retriever,0.702954
758355060040593408,11,10,3420,1085,Pembroke,0.987643
758041019896193024,9,10,2715,377,Cardigan,0.0512653
757741869644341248,10,10,6909,3270,Old_English_sheepdog,0.128899
757725642876129280,11,10,4569,1221,Labrador_retriever,0.128128
757611664640446465,12,10,4587,1114,bluetick,0.829259
757400162377592832,13,10,15234,6898,golden_retriever,0.0878003
757393109802180609,10,10,5849,1747,Labrador_retriever,0.787125
757354760399941633,8,10,4540,1432,Italian_greyhound,0.914667
756998049151549440,11,10,6323,1999,golden_retriever,0.678555
756939218950160384,12,10,6682,2020,golden_retriever,0.790371
756651752796094464,11,10,5086,1311,Pembroke,0.294808
756303284449767430,11,10,3957,1100,golden_retriever,0.981652
756288534030475264,12,10,44179,17826,French_bulldog,0.032492200000000006
756275833623502848,10,10,6440,1541,Airedale,0.602957
755955933503782912,12,10,7363,2899,Pekinese,0.596882
755110668769038337,13,10,21309,11155,Labrador_retriever,0.708974
754856583969079297,11,10,6933,2537,golden_retriever,0.8723850000000001
754449512966619136,11,10,3774,736,beagle,0.858513
754120377874386944,10,10,7924,2365,chow,0.168909
754120377874386944,10,10,7924,2365,chow,0.168909
753655901052166144,10,10,5861,2178,miniature_pinscher,0.456092
753398408988139520,12,10,5781,1915,whippet,0.163794
753375668877008896,8,10,7681,2336,bluetick,0.36007100000000003
753294487569522689,11,10,3386,1049,chow,0.194773
753026973505581056,10,10,3929,972,Pembroke,0.868511
752917284578922496,11,10,6956,1586,German_shepherd,0.609283
752682090207055872,10,10,6024,1600,German_shepherd,0.299966
752660715232722944,10,10,4390,1564,English_setter,0.0505118
752519690950500352,11,10,7398,3451,Labrador_retriever,1.00288e-05
752334515931054080,8,10,3825,1098,Bedlington_terrier,0.399163
752173152931807232,12,10,5986,1846,Labrador_retriever,0.527659
751937170840121344,11,10,5203,1338,Lakeland_terrier,0.4241680000000001
751830394383790080,12,10,5829,1955,chow,0.703569
751598357617971201,13,10,7952,3051,toy_poodle,0.757756
751583847268179968,5,10,4412,1106,dalmatian,0.8683040000000001
751538714308972544,10,10,5055,1267,Labrador_retriever,0.516257
751456908746354688,12,10,3223,1006,golden_retriever,0.714409
751251247299190784,10,10,12567,5903,Walker_hound,0.178852
751205363882532864,12,10,6346,1823,Labrador_retriever,0.947164
751132876104687617,10,10,5093,1297,Labrador_retriever,0.92939
750868782890057730,11,10,4797,1370,toy_poodle,0.912648
750719632563142656,12,10,13225,5054,Pembroke,0.972587
750429297815552001,12,10,13213,4297,golden_retriever,0.964929
750383411068534784,9,10,4577,1155,Border_collie,0.672791
750147208377409536,13,10,3111,963,pug,0.977765
750132105863102464,11,10,3626,1295,toy_poodle,0.4780180000000001
750117059602808832,10,10,4344,1318,Shih-Tzu,0.814405
750101899009982464,11,10,3047,849,golden_retriever,0.316704
750086836815486976,12,10,2174,536,pug,0.978277
750071704093859840,10,10,7853,3348,redbone,0.382113
750056684286914561,11,10,3170,899,Saluki,0.484428
750041628174217216,13,10,3190,621,Labrador_retriever,0.252031
750026558547456000,10,10,2728,792,standard_poodle,0.258732
750011400160841729,11,10,3252,907,Boston_bull,0.0871498
749996283729883136,12,10,3077,820,Old_English_sheepdog,0.515319
749774190421639168,12,10,4666,1315,Pekinese,0.8790120000000001
749417653287129088,11,10,6124,1643,papillon,0.772894
749403093750648834,10,10,2627,535,Chesapeake_Bay_retriever,0.694541
749395845976588288,10,10,8586,3440,Pomeranian,0.973715
749317047558017024,12,10,5523,2240,wire-haired_fox_terrier,0.155144
749064354620928000,11,10,4820,1526,pug,0.985222
749036806121881602,8,10,3099,795,West_Highland_white_terrier,0.0195223
748977405889503236,10,10,10789,3403,German_short-haired_pointer,0.742216
748932637671223296,13,10,5821,2258,borzoi,0.742912
748699167502000129,11,10,4757,1592,Pembroke,0.849029
748575535303884801,6,10,6087,1973,soft-coated_wheaten_terrier,0.0864988
748568946752774144,12,10,2200,668,Tibetan_terrier,0.32816100000000004
748346686624440324,10,10,5220,1227,borzoi,0.5964550000000001
748324050481647620,11,10,3683,759,Shetland_sheepdog,0.880499
747963614829678593,10,10,5780,2146,kelpie,0.307672
747933425676525569,11,10,6603,2544,Samoyed,0.998201
747885874273214464,8,10,2946,977,kuvasz,0.40845
747844099428986880,11,10,2823,750,Pembroke,0.360428
747816857231626240,4,10,4852,1162,Pembroke,0.7689229999999999
747600769478692864,10,10,2328,556,Chesapeake_Bay_retriever,0.804363
747594051852075008,11,10,3682,1057,basenji,0.389136
747512671126323200,10,10,5552,1610,Cardigan,0.111493
747219827526344708,11,10,5269,1570,Shetland_sheepdog,0.548018
747103485104099331,11,10,9574,3960,Labrador_retriever,0.991954
746872823977771008,11,10,5986,2132,Pembroke,0.540201
746818907684614144,13,10,5314,1741,Ibizan_hound,0.101537
746790600704425984,10,10,4876,1603,Boston_bull,0.936183
746726898085036033,12,10,6050,1797,golden_retriever,0.25650500000000004
746507379341139972,10,10,4656,1082,toy_poodle,0.508292
746369468511756288,9,10,6176,1627,German_shepherd,0.622957
746131877086527488,10,10,6903,2203,chow,0.575637
746056683365994496,11,10,3545,809,Shetland_sheepdog,0.43332
745789745784041472,10,10,4018,1064,Pekinese,0.984267
745712589599014916,7,10,6996,2327,chow,0.06275449999999999
745433870967832576,10,10,7073,2535,basset,1.44895e-05
745422732645535745,9,10,8568,2436,Labrador_retriever,0.6638
745057283344719872,12,10,7247,2260,Shetland_sheepdog,0.963985
744995568523612160,9,10,2961,619,Old_English_sheepdog,0.4274810000000001
744971049620602880,12,10,7876,2681,toy_poodle,0.497755
744709971296780288,10,10,5605,1560,Shetland_sheepdog,0.234431
744334592493166593,11,10,6772,2114,Samoyed,0.960543
744234799360020481,13,10,156279,77812,Labrador_retriever,0.825333
743980027717509120,11,10,4166,1092,bull_mastiff,0.97573
743895849529389061,10,10,3640,961,dalmatian,0.562315
743609206067040256,10,10,4470,1382,Weimaraner,0.982794
743545585370791937,11,10,3522,940,standard_poodle,0.06058350000000001
743253157753532416,10,10,4222,1222,malamute,0.442612
743222593470234624,12,10,6204,1902,kuvasz,0.350629
743210557239623680,10,10,3830,1361,golden_retriever,0.930705
742423170473463808,12,10,9792,3763,pug,0.99731
742385895052087300,11,10,6794,1966,Cardigan,0.5669109999999999
742150209887731712,8,10,5121,1541,French_bulldog,0.07141439999999999
741793263812808706,10,10,4531,1507,kuvasz,0.311325
741743634094141440,11,10,8154,2745,Labrador_retriever,0.786089
741438259667034112,9,10,3671,830,Chesapeake_Bay_retriever,0.292675
741303864243200000,12,10,8762,3196,Chihuahua,0.7681560000000001
741067306818797568,12,10,9488,3093,golden_retriever,0.843799
740995100998766593,10,10,6353,2734,malamute,0.454363
740711788199743490,9,10,3391,933,toy_poodle,0.388277
740676976021798912,11,10,18114,6798,Norwegian_elkhound,0.275225
740359016048689152,9,10,3291,864,golden_retriever,0.8636870000000001
740214038584557568,10,10,6670,1958,Chesapeake_Bay_retriever,0.586414
739979191639244800,12,10,19911,5903,Irish_water_spaniel,0.2858
739932936087216128,10,10,4045,1070,redbone,0.243904
739844404073074688,12,10,3791,852,toy_poodle,0.342397
739606147276148736,9,10,5368,1648,Blenheim_spaniel,0.933755
739544079319588864,10,10,39405,21178,Labrador_retriever,0.967397
739485634323156992,6,10,7134,2918,Walker_hound,0.640256
739238157791694849,13,10,115405,57689,Eskimo_dog,0.503372
738885046782832640,11,10,3763,1137,American_Staffordshire_terrier,0.0155351
738883359779196928,10,10,3288,789,Labrador_retriever,0.691137
738537504001953792,11,10,5061,1538,chow,0.808737
738402415918125056,10,10,3232,833,cocker_spaniel,0.346695
738184450748633089,9,10,4301,1203,Bedlington_terrier,0.289471
738166403467907072,12,10,8739,3342,keeshond,0.8788860000000001
738156290900254721,10,10,2501,638,pug,0.751758
737826014890496000,10,10,5252,1760,vizsla,0.990391
737800304142471168,10,10,9944,3446,malamute,0.374682
737678689543020544,11,10,5019,1314,Pembroke,0.935307
737445876994609152,13,10,10211,4439,Samoyed,0.400568
736736130620620800,13,10,4239,1720,schipperke,0.545502
736365877722001409,11,10,3952,1238,toy_poodle,0.082606
736225175608430592,10,10,8089,2767,Labrador_retriever,0.399217
736010884653420544,10,10,7862,2982,golden_retriever,0.553901
735991953473572864,11,10,3578,1146,cocker_spaniel,0.961643
735648611367784448,12,10,4015,1095,Pembroke,0.462594
735635087207878657,11,10,6126,2336,pug,0.8918709999999999
735256018284875776,8,10,3311,878,Staffordshire_bullterrier,0.523191
735137028879360001,9,10,3117,965,Walker_hound,0.413535
734912297295085568,10,10,2736,524,Maltese_dog,0.847292
734787690684657664,13,10,12466,6249,golden_retriever,0.883991
734776360183431168,11,10,2484,541,Siberian_husky,0.304902
733828123016450049,10,10,3561,778,beagle,0.472324
733822306246479872,10,10,3656,1018,Lhasa,0.457356
733482008106668032,10,10,3119,948,French_bulldog,0.619382
733460102733135873,11,10,4174,1274,chow,0.931275
733109485275860992,12,10,49969,16765,golden_retriever,0.945523
732732193018155009,12,10,2425,532,Staffordshire_bullterrier,0.127969
732726085725589504,11,10,3528,883,Pomeranian,0.961902
732585889486888962,10,10,3645,774,Staffordshire_bullterrier,0.843359
732375214819057664,11,10,8040,2499,basset,0.000547053
732005617171337216,11,10,14815,5378,English_setter,0.677408
731285275100512256,12,10,3469,985,Pembroke,0.967103
730924654643314689,9,10,6107,1959,Newfoundland,0.0862411
730573383004487680,10,10,4872,2119,American_Staffordshire_terrier,0.810158
730427201120833536,11,10,3464,1044,Eskimo_dog,0.682082
730211855403241472,11,10,3791,1053,pug,0.341663
729823566028484608,13,10,3954,1239,kelpie,0.218408
729463711119904772,13,10,5757,2300,German_shepherd,0.829307
728986383096946689,11,10,3124,818,Maltese_dog,0.95207
728760639972315136,13,10,4651,1691,Pembroke,0.939134
728751179681943552,10,10,2745,675,Saint_Bernard,0.48205
728409960103686147,10,10,4879,1990,Saint_Bernard,0.0942456
728387165835677696,12,10,3664,956,collie,0.266414
728046963732717569,11,10,4272,1192,Newfoundland,0.255971
728035342121635841,12,10,4536,1653,Pomeranian,0.248664
728015554473250816,11,10,4081,1099,cocker_spaniel,0.384559
727685679342333952,12,10,2939,636,Border_collie,0.462408
727644517743104000,13,10,5850,1737,Great_Pyrenees,0.457164
727524757080539137,10,10,4443,1211,Pomeranian,0.958834
727314416056803329,11,10,3313,737,toy_poodle,0.827469
727286334147182592,9,10,3023,807,Chihuahua,0.0705542
727175381690781696,10,10,3880,1373,flat-coated_retriever,0.656463
726935089318363137,12,10,6836,2441,toy_poodle,0.083749
726887082820554753,10,10,3813,1513,soft-coated_wheaten_terrier,0.5159189999999999
726828223124897792,12,10,3540,994,miniature_pinscher,0.255327
726224900189511680,9,10,4394,1138,standard_poodle,0.261112
725842289046749185,12,10,7033,2656,toy_poodle,0.420463
725786712245440512,11,10,4136,1359,chow,0.33576100000000003
725729321944506368,12,10,5171,1772,boxer,0.599076
724983749226668032,12,10,3697,1304,golden_retriever,0.67575
724771698126512129,11,10,2331,634,German_short-haired_pointer,0.835491
724405726123311104,10,10,5239,1635,golden_retriever,0.240695
724049859469295616,10,10,4287,1762,Border_collie,0.581835
724046343203856385,10,10,2637,552,boxer,0.8262719999999999
724004602748780546,11,10,4153,1541,pug,0.0188769
723912936180330496,12,10,3858,1227,Samoyed,0.991772
723688335806480385,12,10,7621,2917,chow,0.0890102
723673163800948736,10,10,2989,881,golden_retriever,0.83939
723179728551723008,8,10,5271,1853,Norwegian_elkhound,0.0568505
722613351520608256,12,10,4929,1626,Labrador_retriever,0.5309149999999999
721503162398597120,11,10,4590,1835,Pomeranian,0.99775
721001180231503872,11,10,2503,606,Samoyed,0.950053
720785406564900865,12,10,3088,760,Chihuahua,0.8964219999999999
720775346191278080,10,10,2439,658,Newfoundland,0.48997
720415127506415616,10,10,4097,1488,Rottweiler,0.990312
720389942216527872,11,10,6328,2486,Pembroke,0.873977
720059472081784833,9,10,3840,1110,Mexican_hairless,0.451852
720043174954147842,11,10,4870,1989,Samoyed,0.954517
719991154352222208,10,10,4799,1729,golden_retriever,0.605304
719551379208073216,10,10,5011,1892,malamute,0.873233
719367763014393856,11,10,2778,737,soft-coated_wheaten_terrier,0.050971
719339463458033665,10,10,4392,1221,golden_retriever,0.765778
719332531645071360,11,10,3402,943,Dandie_Dinmont,0.224415
718971898235854848,10,10,3458,1069,golden_retriever,0.14039400000000002
718939241951195136,12,10,5211,1747,Pembroke,0.7663270000000001
718631497683582976,10,10,18727,7972,Pomeranian,0.993718
718613305783398402,11,10,2413,477,Labrador_retriever,0.58458
718540630683709445,10,10,2432,1007,Maltese_dog,0.632289
718460005985447936,9,10,2674,522,Boston_bull,0.252781
718246886998687744,3,10,1900,499,Chihuahua,0.354488
718234618122661888,11,10,3841,988,malamute,0.370152
717841801130979328,11,10,2442,600,Brittany_spaniel,0.922876
717537687239008257,11,10,5742,1842,golden_retriever,0.779356
717421804990701568,9,10,3136,840,miniature_pinscher,0.286479
717047459982213120,12,10,6247,1918,golden_retriever,0.983548
717009362452090881,10,10,3225,957,Siberian_husky,0.506154
716802964044845056,10,10,4255,1161,malinois,0.619577
716791146589110272,11,10,8090,1565,Pomeranian,0.468751
716285507865542656,12,10,2746,1049,Yorkshire_terrier,0.43042
716080869887381504,11,10,6695,1887,golden_retriever,0.638625
715928423106027520,11,10,3172,874,pug,0.976685
715733265223708672,10,10,4621,1674,Dandie_Dinmont,0.740229
715696743237730304,10,10,3879,1280,Staffordshire_bullterrier,0.427836
715680795826982913,12,10,4275,1603,golden_retriever,0.990715
715342466308784130,10,10,3015,687,West_Highland_white_terrier,0.597111
715220193576927233,10,10,2406,643,Chihuahua,0.584026
715200624753819648,12,10,5100,1871,Chihuahua,0.956787
715009755312439296,12,10,4123,1219,Chihuahua,0.142288
714982300363173890,9,10,3706,1024,Brittany_spaniel,0.944376
714957620017307648,10,10,4096,1400,Great_Pyrenees,0.251516
714606013974974464,12,10,3606,922,Norfolk_terrier,0.293007
714258258790387713,10,10,3012,714,collie,0.176758
714251586676113411,8,10,3258,830,soft-coated_wheaten_terrier,0.751962
714214115368108032,13,10,2256,865,pug,0.533967
714141408463036416,10,10,4281,1385,Labrador_retriever,0.586951
713919462244790272,12,10,3273,783,Siberian_husky,0.463223
713761197720473600,12,10,4835,1367,Brittany_spaniel,0.797936
713411074226274305,11,10,4411,1289,Great_Pyrenees,0.720337
713177543487135744,10,10,7177,2814,whippet,0.734244
713175907180089344,10,10,4431,1465,malamute,0.430624
712809025985978368,10,10,18426,6659,Labrador_retriever,0.8686709999999999
712717840512598017,10,10,12265,4942,Great_Pyrenees,0.732043
712668654853337088,10,10,4154,1205,Labrador_retriever,0.829058
712438159032893441,11,10,5294,1551,Great_Pyrenees,0.069457
712097430750289920,10,10,3761,1021,Labrador_retriever,0.720481
712085617388212225,11,10,3247,482,Shih-Tzu,0.625129
711743778164514816,11,10,2820,976,Lakeland_terrier,0.459515
711732680602345472,10,10,8789,4087,Ibizan_hound,0.334929
711363825979756544,11,10,3627,1131,Pembroke,0.7509060000000001
711306686208872448,3,10,3284,732,Dandie_Dinmont,0.0867925
711008018775851008,11,10,2981,609,French_bulldog,0.731405
710997087345876993,12,10,4533,1375,malamute,0.28126
710844581445812225,10,10,2527,684,Pembroke,0.200407
710833117892898816,12,10,2667,530,Pembroke,0.803742
710588934686908417,12,10,4506,1852,Pembroke,0.982004
710283270106132480,11,10,2135,517,Shih-Tzu,0.932401
710272297844797440,11,10,4507,1240,Old_English_sheepdog,0.586307
710269109699739648,13,10,2381,1115,pug,0.415495
710153181850935296,11,10,2892,880,cocker_spaniel,0.00271296
710140971284037632,8,10,2740,874,Pekinese,0.95317
710117014656950272,11,10,5459,1978,toy_poodle,0.802092
709918798883774466,12,10,3456,1078,Pembroke,0.956222
709852847387627521,12,10,3500,1192,Chihuahua,0.945629
709566166965075968,12,10,3528,1201,chow,0.999837
709556954897764353,12,10,3277,1065,golden_retriever,0.790026
709519240576036864,9,10,1484,236,cocker_spaniel,0.414982
709449600415961088,10,10,2209,564,Maltese_dog,0.780187
709409458133323776,8,10,2605,677,Shetland_sheepdog,0.79745
709225125749587968,11,10,2393,569,Labrador_retriever,0.271109
709207347839836162,11,10,12469,5764,Chihuahua,0.948323
709158332880297985,10,10,2019,411,Siberian_husky,0.212957
709042156699303936,9,10,4715,1617,Rottweiler,0.0681793
708845821941387268,9,10,2967,895,schipperke,0.74564
708834316713893888,10,10,1673,495,Eskimo_dog,0.283945
708810915978854401,10,10,16386,6880,golden_retriever,0.976139
708738143638450176,11,10,2727,802,Pomeranian,0.933457
708711088997666817,11,10,2527,715,German_short-haired_pointer,0.0526946
708479650088034305,13,10,2534,677,Shih-Tzu,0.218479
708469915515297792,11,10,3078,806,Chihuahua,0.748163
708356463048204288,10,10,3563,1312,pug,0.871283
708349470027751425,11,10,2335,734,basenji,0.187158
708149363256774660,10,10,4256,1543,Cardigan,0.350993
708130923141795840,11,10,3368,848,French_bulldog,0.710354
708119489313951744,9,10,2673,975,Norwich_terrier,0.264483
708109389455101952,10,10,1934,546,Staffordshire_bullterrier,0.5161060000000001
708026248782585858,13,10,4360,1919,malinois,0.7864680000000001
707969809498152960,11,10,2684,958,toy_poodle,0.908491
707776935007539200,11,10,3263,951,miniature_pinscher,0.890426
707741517457260545,10,10,2472,611,whippet,0.738371
707610948723478529,12,10,16886,6319,golden_retriever,0.383223
707420581654872064,4,10,2261,695,kuvasz,0.149391
707411934438625280,11,10,2289,596,Lakeland_terrier,0.7382770000000001
707387676719185920,10,10,3483,1281,Chihuahua,0.888468
707377100785885184,9,10,3262,1087,golden_retriever,0.637225
707315916783140866,10,10,2460,634,Bernese_mountain_dog,0.979235
707297311098011648,10,10,2759,780,Blenheim_spaniel,0.370717
707059547140169728,11,10,2583,667,Samoyed,0.8973120000000001
707038192327901184,10,10,2172,785,pug,0.642426
707021089608753152,12,10,4056,1348,cocker_spaniel,0.559658
707014260413456384,11,10,2306,596,Chihuahua,0.58378
706681918348251136,12,10,3285,966,toy_poodle,0.717584
706644897839910912,9,10,2556,1083,Chihuahua,0.132928
706538006853918722,11,10,3460,1419,chow,0.541794
706516534877929472,12,10,3089,1027,golden_retriever,0.7726850000000001
706346369204748288,12,10,3434,921,Tibetan_mastiff,0.956462
706310011488698368,12,10,21221,7878,Pembroke,0.6981649999999999
706291001778950144,11,10,1687,474,Border_terrier,0.587101
706265994973601792,11,10,2719,929,papillon,0.743715
706166467411222528,7,10,5144,1588,Samoyed,0.430418
705975130514706432,10,10,3091,728,Staffordshire_bullterrier,0.5877640000000001
705970349788291072,12,10,3151,888,golden_retriever,0.776346
705898680587526145,10,10,2350,547,collie,0.808276
705786532653883392,11,10,1926,515,Labrador_retriever,0.14849600000000002
705591895322394625,11,10,3147,1148,basenji,0.877207
705475953783398401,12,10,2941,907,golden_retriever,0.908784
705442520700944385,12,10,4408,1619,Great_Pyrenees,0.309106
705428427625635840,11,10,3800,1677,Chihuahua,0.774792
705239209544720384,11,10,2996,745,Chihuahua,0.15795
705223444686888960,9,10,2580,796,Chesapeake_Bay_retriever,0.0773733
705102439679201280,10,10,2133,516,collie,0.457672
705066031337840642,12,10,2173,615,Airedale,0.868658
704871453724954624,12,10,4250,1110,Norfolk_terrier,0.689504
704859558691414016,10,10,2242,538,pug,0.284428
704847917308362754,12,10,5052,1519,golden_retriever,0.85724
704761120771465216,13,10,6606,2901,Chihuahua,0.100418
704499785726889984,12,10,2906,1009,Chihuahua,0.376541
704480331685040129,11,10,3372,1061,Samoyed,0.979206
704364645503647744,12,10,7967,3531,Pembroke,0.980695
704347321748819968,10,10,1573,349,Brittany_spaniel,0.0829173
703774238772166656,10,10,1836,458,Labrador_retriever,0.990119
703769065844768768,10,10,3266,1135,boxer,0.838994
703611486317502464,10,10,3838,1524,Pembroke,0.756441
703425003149250560,9,10,3795,1360,miniature_pinscher,0.292866
703382836347330562,12,10,3498,1144,golden_retriever,0.945664
703356393781329922,9,10,1912,383,Border_collie,0.894842
703268521220972544,12,10,1964,547,kuvasz,0.038243
703079050210877440,11,10,7363,3067,Pembroke,0.778503
702684942141153280,11,10,3211,1073,golden_retriever,0.514085
702671118226825216,10,10,2186,553,bloodhound,0.381227
702598099714314240,11,10,12187,3419,kelpie,0.219179
702539513671897089,12,10,2870,958,Pomeranian,0.714367
702321140488925184,12,10,3261,1037,West_Highland_white_terrier,0.769159
702276748847800320,11,10,2456,762,Boston_bull,0.697303
702217446468493312,9,10,4759,1328,golden_retriever,0.242419
701981390485725185,12,10,3436,990,Pomeranian,0.491022
701952816642965504,11,10,3828,1021,toy_poodle,0.33170700000000003
701889187134500865,11,10,3526,1379,French_bulldog,0.902856
701601587219795968,10,10,2080,448,Chihuahua,0.993661
701570477911896070,9,10,2803,921,Yorkshire_terrier,0.90799
701545186879471618,10,10,2655,607,Border_collie,0.280893
701214700881756160,12,10,12147,5079,Chihuahua,0.615163
700890391244103680,11,10,2204,564,schipperke,0.122356
700864154249383937,12,10,2584,618,kuvasz,0.8058569999999999
700847567345688576,10,10,2449,501,Rhodesian_ridgeback,0.252514
700747788515020802,11,10,22739,9271,Great_Pyrenees,0.481333
700518061187723268,10,10,2599,794,American_Staffordshire_terrier,0.569501
700505138482569216,12,10,2277,565,Norwegian_elkhound,0.160205
700462010979500032,6,10,4113,1778,Pomeranian,0.110268
700167517596164096,10,10,2618,731,beagle,0.16258499999999998
700151421916807169,11,10,2228,670,Italian_greyhound,0.17683800000000002
700143752053182464,10,10,7502,2705,golden_retriever,0.53246
700029284593901568,10,10,2064,585,West_Highland_white_terrier,0.726571
700002074055016451,9,10,3308,1336,Chihuahua,0.369488
699801817392291840,11,10,3052,952,golden_retriever,0.808978
699788877217865730,12,10,2225,508,Border_terrier,0.35506
699779630832685056,10,10,2729,1227,malinois,0.706038
699775878809702401,11,10,1956,603,Dandie_Dinmont,0.271683
699446877801091073,12,10,5929,2602,Pembroke,0.9694
699434518667751424,12,10,2157,515,golden_retriever,0.836572
699423671849451520,10,10,1357,324,pug,0.99786
699413908797464576,11,10,2073,624,Samoyed,0.517479
699370870310113280,11,10,1880,441,cairn,0.337557
699323444782047232,10,10,3138,857,Labrador_retriever,0.309696
699079609774645248,8,10,2444,653,schipperke,0.667324
699072405256409088,12,10,2965,1188,Shih-Tzu,0.599587
699036661657767936,13,10,2592,1192,Chihuahua,0.222943
698989035503689728,13,10,3328,971,Norfolk_terrier,0.24634
698953797952008193,11,10,2673,895,Italian_greyhound,0.382378
698907974262222848,10,10,2529,622,German_short-haired_pointer,0.983131
698710712454139905,10,10,2457,677,Samoyed,0.329895
698703483621523456,7,10,1444,376,Brittany_spaniel,0.931963
698635131305795584,12,10,1289,337,Samoyed,0.15846400000000002
698549713696649216,9,10,2320,622,French_bulldog,0.998544
698355670425473025,10,10,1848,446,pug,0.990191
698342080612007937,11,10,2262,949,boxer,0.8830479999999999
698262614669991936,11,10,4732,1994,Italian_greyhound,0.107948
698195409219559425,9,10,16692,5947,Labrador_retriever,0.64369
698178924120031232,10,10,2797,737,Chesapeake_Bay_retriever,0.351868
697995514407682048,11,10,1513,331,Staffordshire_bullterrier,0.280222
697990423684476929,11,10,3274,1292,Pembroke,0.984783
697943111201378304,10,10,2376,677,Great_Dane,0.126924
697616773278015490,11,10,3152,1007,Lhasa,0.521931
697596423848730625,11,10,3005,1262,Shetland_sheepdog,0.621668
697575480820686848,8,10,2033,497,whippet,0.119805
697270446429966336,10,10,4677,1867,toy_poodle,0.880014
697259378236399616,8,10,3284,1000,Great_Dane,0.999223
697255105972801536,10,10,3023,1158,Great_Dane,0.173989
697242256848379904,10,10,2500,668,Eskimo_dog,0.0635328
696900204696625153,12,10,3160,1017,Chihuahua,0.297735
696894894812565505,9,10,2337,675,Appenzeller,0.665628
696886256886657024,12,10,4839,1797,kuvasz,0.383941
696754882863349760,10,10,1480,360,toy_poodle,0.0983781
696713835009417216,9,10,2359,651,Chesapeake_Bay_retriever,0.321589
696488710901260288,12,10,2521,1015,briard,0.369063
696405997980676096,7,10,3194,1150,borzoi,0.132845
695816827381944320,11,10,3004,1161,Pomeranian,0.382234
695794761660297217,13,10,3147,760,Samoyed,0.962139
695767669421768709,13,10,1853,743,soft-coated_wheaten_terrier,0.805139
695629776980148225,8,10,4548,2087,Old_English_sheepdog,0.693857
695446424020918272,12,10,4380,1800,basenji,0.748904
695409464418041856,10,10,8632,3562,pug,0.997445
695314793360662529,10,10,3613,1446,Maltese_dog,0.678547
695095422348574720,12,10,2619,611,papillon,0.227784
695074328191332352,11,10,2830,1093,Shih-Tzu,0.5101060000000001
695051054296211456,6,10,2655,785,Boston_bull,0.761454
694356675654983680,10,10,1495,285,Pomeranian,0.144272
694352839993344000,10,10,2030,613,Australian_terrier,0.407886
694329668942569472,9,10,1999,498,boxer,0.99006
694206574471057408,10,10,4138,2028,Shih-Tzu,0.352547
694183373896572928,9,10,2939,922,Pekinese,0.08087000000000001
694001791655137281,11,10,3396,1021,Pembroke,0.769999
693942351086120961,10,10,1737,369,groenendael,0.550796
693642232151285760,9,10,2528,409,Scottish_deerhound,0.111893
693629975228977152,12,10,2435,789,pug,0.841987
693622659251335168,10,10,1532,372,malamute,0.449298
693280720173801472,10,10,3337,1230,Labrador_retriever,0.340008
693262851218264065,11,10,2206,498,golden_retriever,0.989333
693231807727280129,9,10,2859,732,vizsla,0.8764129999999999
693155686491000832,12,10,7844,3197,Shih-Tzu,0.69748
693109034023534592,11,10,1706,608,cocker_spaniel,0.740013
693095443459342336,10,10,1849,460,Yorkshire_terrier,0.033487800000000005
692919143163629568,9,10,2666,752,Saint_Bernard,0.612635
692905862751522816,10,10,2415,863,Mexican_hairless,0.162638
692901601640583168,10,10,1760,599,soft-coated_wheaten_terrier,0.403496
692894228850999298,10,10,2257,803,German_short-haired_pointer,0.876977
692828166163931137,12,10,2859,880,Samoyed,0.985857
692752401762250755,13,10,6795,3629,Samoyed,0.471276
692568918515392513,12,10,4348,1528,golden_retriever,0.636845
692535307825213440,10,10,3162,1356,pug,0.41309
692530551048294401,10,10,1823,411,Siberian_husky,0.486428
692187005137076224,12,10,2524,818,Siberian_husky,0.810592
692158366030913536,10,10,2139,786,pug,0.956565
692142790915014657,13,10,1641,393,toy_poodle,0.670068
692017291282812928,9,10,2876,955,Tibetan_terrier,0.247565
691756958957883396,10,10,2849,999,Saint_Bernard,0.342571
691675652215414786,10,10,1947,504,Chihuahua,0.182898
691483041324204033,5,10,2381,562,bloodhound,0.886232
691459709405118465,12,10,4028,1136,Shetland_sheepdog,0.5512060000000001
691444869282295808,12,10,2640,845,Bernese_mountain_dog,0.767563
691416866452082688,13,10,19255,7593,Lakeland_terrier,0.530104
691321916024623104,11,10,2554,660,Rottweiler,0.508981
691096613310316544,11,10,2950,874,borzoi,0.441269
690959652130045952,11,10,3569,1240,golden_retriever,0.862964
690735892932222976,13,10,3772,1265,golden_retriever,0.883229
690728923253055490,8,10,2171,514,kuvasz,0.422806
690690673629138944,10,10,2329,812,Maltese_dog,0.08962460000000001
690649993829576704,11,10,1299,278,Mexican_hairless,0.0981708
690597161306841088,11,10,1945,600,Lhasa,0.0974997
690400367696297985,10,10,1879,451,Pembroke,0.426459
690374419777196032,11,10,3244,843,kuvasz,0.286345
690360449368465409,9,10,2666,877,pug,0.686933
690021994562220032,10,10,2781,1026,malamute,0.0406958
690015576308211712,12,10,2479,729,malamute,0.949609
690005060500217858,10,10,3655,1683,Samoyed,0.270287
689999384604450816,10,10,1414,368,standard_poodle,0.444499
689977555533848577,12,10,1365,444,Labrador_retriever,0.179625
689905486972461056,11,10,2428,697,Pomeranian,0.943331
689877686181715968,9,10,3029,1157,Old_English_sheepdog,0.26915500000000003
689835978131935233,11,10,2165,742,collie,0.600186
689661964914655233,12,10,3203,925,Italian_greyhound,0.322818
689623661272240129,10,10,2224,639,toy_poodle,0.279604
689599056876867584,11,10,11606,5499,cocker_spaniel,0.07310139999999997
689557536375177216,12,10,2038,455,Eskimo_dog,0.169482
689517482558820352,12,10,3382,1423,Pembroke,0.799319
689283819090870273,9,10,3260,1099,Scotch_terrier,0.267979
689280876073582592,10,10,1975,706,Chihuahua,0.6375460000000001
689275259254616065,10,10,1141,243,American_Staffordshire_terrier,0.215161
689154315265683456,9,10,3067,999,cocker_spaniel,0.816044
689143371370250240,10,10,2011,507,English_springer,0.303781
688916208532455424,11,10,2712,865,Pembroke,0.430544
688898160958271489,10,10,2090,778,Ibizan_hound,0.8531700000000001
688828561667567616,9,10,1374,369,Cardigan,0.6142310000000001
688804835492233216,12,10,958,191,malinois,0.199512
688789766343622656,8,10,2203,659,American_Staffordshire_terrier,0.5996600000000001
688547210804498433,9,10,2587,697,papillon,0.531279
688519176466644993,12,10,2303,722,Pembroke,0.696372
688385280030670848,12,10,9258,4460,golden_retriever,0.900437
688116655151435777,10,10,2820,770,pug,0.973819
688064179421470721,11,10,1725,358,Eskimo_dog,0.240602
687826841265172480,12,10,2738,1115,Pomeranian,0.99721
687818504314159109,12,10,2466,939,Lakeland_terrier,0.873029
687807801670897665,11,10,2391,713,Staffordshire_bullterrier,0.151113
687704180304273409,9,10,2419,839,miniature_pinscher,0.956063
687664829264453632,11,10,1927,510,pug,0.957365
687494652870668288,7,10,1891,576,Rottweiler,0.391471
687480748861947905,12,10,1593,239,English_springer,0.472273
687460506001633280,10,10,2052,540,Boston_bull,0.223366
687317306314240000,11,10,20084,9134,Shih-Tzu,0.747208
687312378585812992,7,10,4342,1895,Great_Dane,0.139909
687127927494963200,9,10,5417,2262,pug,0.178205
687124485711986689,11,10,2159,501,beagle,0.000216206
687109925361856513,11,10,5778,2448,borzoi,0.883086
687096057537363968,11,10,2234,599,Labrador_retriever,0.417107
686730991906516992,12,10,4127,1193,Tibetan_mastiff,0.338812
686683045143953408,11,10,2811,796,Norwich_terrier,0.100499
686618349602762752,11,10,3698,1359,Rottweiler,0.441331
686606069955735556,10,10,1881,541,Labrador_retriever,0.320012
686386521809772549,11,10,3244,874,Yorkshire_terrier,0.477704
686377065986265092,10,10,2202,563,German_shepherd,0.830816
686358356425093120,10,10,2175,664,pug,0.985237
686050296934563840,11,10,2210,726,Pomeranian,0.985789
686034024800862208,12,10,3078,1140,Great_Dane,0.23692
686007916130873345,11,10,2478,409,Rhodesian_ridgeback,0.885301
685973236358713344,11,10,2090,521,Siberian_husky,0.450678
685943807276412928,8,10,1623,590,papillon,0.200812
685906723014619143,9,10,7482,2873,Yorkshire_terrier,0.414963
685663452032069632,12,10,3224,1453,Chesapeake_Bay_retriever,0.171174
685641971164143616,7,10,2921,776,Lakeland_terrier,0.253839
685532292383666176,9,10,3024,1155,collie,0.0958052
685325112850124800,10,10,9428,3958,golden_retriever,0.586937
685321586178670592,10,10,2647,635,Boston_bull,0.972483
685315239903100929,11,10,3304,1039,chow,0.470162
685307451701334016,11,10,2067,440,Pomeranian,0.963176
685268753634967552,10,10,3085,1193,pug,0.999044
685198997565345792,11,10,2334,667,Old_English_sheepdog,0.00967138
685169283572338688,11,10,4093,1426,Bernese_mountain_dog,0.975096
684940049151070208,12,10,3198,1041,Border_collie,0.665578
684926975086034944,11,10,3483,457,Labrador_retriever,0.769412
684914660081053696,12,10,3502,1440,chow,0.261288
684902183876321280,11,10,1871,525,Pembroke,0.708034
684800227459624960,11,10,2730,999,miniature_schnauzer,0.294457
684594889858887680,10,10,8878,3487,Weimaraner,0.948688
684538444857667585,12,10,2635,948,Chihuahua,0.702583
684481074559381504,10,10,3874,1163,Chihuahua,0.93781
684460069371654144,10,10,1969,557,Labrador_retriever,0.673691
684241637099323392,12,10,8111,3263,Pembroke,0.508498
684195085588783105,9,10,1902,510,Chihuahua,0.379365
684188786104872960,10,10,3483,1166,kelpie,0.537782
684177701129875456,10,10,2008,658,chow,0.334783
684097758874210310,10,10,4100,1425,Labrador_retriever,0.6278560000000001
683857920510050305,10,10,3793,1117,bluetick,0.174738
683852578183077888,10,10,1928,343,toy_poodle,0.5513520000000001
683849932751646720,5,10,2598,960,Mexican_hairless,0.164906
683834909291606017,9,10,2612,1108,Maltese_dog,0.738449
683828599284170753,12,10,2784,1059,malamute,0.577376
683773439333797890,9,10,3337,1343,miniature_pinscher,0.0728852
683742671509258241,11,10,6455,3287,Pembroke,0.895279
683498322573824003,11,10,3167,960,Airedale,0.945362
683481228088049664,11,10,2641,993,keeshond,0.508951
683462770029932544,8,10,2415,670,Italian_greyhound,0.39956
683449695444799489,10,10,3880,1601,Lakeland_terrier,0.303512
683391852557561860,11,10,7591,2388,French_bulldog,0.992833
683357973142474752,10,10,2895,911,Pembroke,0.406509
683142553609318400,9,10,2855,1040,Leonberg,0.605851
683111407806746624,10,10,3388,907,cocker_spaniel,0.901392
683098815881154561,12,10,2154,654,golden_retriever,0.889848
683078886620553216,9,10,1980,560,Eskimo_dog,0.0940442
683030066213818368,10,10,2160,734,boxer,0.722218
682750546109968385,9,10,1512,436,English_setter,0.947198
682662431982772225,11,10,3054,1076,beagle,0.413824
682638830361513985,12,10,2063,596,English_springer,0.440781
682429480204398592,8,10,3421,1150,whippet,0.594701
682393905736888321,11,10,2219,669,vizsla,0.657275
682389078323662849,9,10,1649,459,curly-coated_retriever,0.482288
682303737705140231,9,10,3043,967,Lakeland_terrier,0.00173092
682259524040966145,9,10,4129,1201,Siberian_husky,0.43967
682032003584274432,11,10,6544,1990,schipperke,0.997953
681981167097122816,12,10,2795,1024,Labrador_retriever,0.4525770000000001
681891461017812993,10,10,2461,814,Chihuahua,0.20357
681694085539872773,11,10,12731,4032,toy_poodle,0.920992
681654059175129088,12,10,2631,918,Pomeranian,0.800538
681610798867845120,12,10,1895,461,toy_poodle,0.8217040000000001
681579835668455424,8,10,3539,1291,Rottweiler,0.760671
681523177663676416,12,10,14237,5725,Norfolk_terrier,0.205067
681339448655802368,9,10,9243,4061,Labrador_retriever,0.0946149
681320187870711809,11,10,2636,739,Samoyed,0.362596
681297372102656000,12,10,3199,945,Lhasa,0.482401
681281657291280384,11,10,3212,1091,Saint_Bernard,0.99883
681261549936340994,9,10,1449,266,Tibetan_terrier,0.382101
681231109724700672,11,10,2400,480,Irish_setter,0.406047
681193455364796417,11,10,3682,1475,Pomeranian,0.992619
680970795137544192,9,10,2415,652,pug,0.713102
680959110691590145,9,10,4562,1991,pug,0.0443565
680940246314430465,4,10,3187,1046,soft-coated_wheaten_terrier,0.289598
680934982542561280,10,10,2074,432,Labrador_retriever,0.7843979999999999
680913438424612864,11,10,2386,619,Pomeranian,0.615678
680889648562991104,9,10,1758,360,Shetland_sheepdog,0.876337
680836378243002368,12,10,3447,1309,Pembroke,0.427781
680801747103793152,10,10,2369,813,pug,0.99672
680609293079592961,9,10,2622,694,French_bulldog,0.700764
680497766108381184,12,10,4209,1899,Chihuahua,0.538354
680473011644985345,10,10,2536,738,Lakeland_terrier,0.796694
680191257256136705,11,10,2130,497,Brittany_spaniel,0.7332529999999999
680161097740095489,12,10,2312,728,bluetick,0.268681
680145970311643136,10,10,3587,1722,miniature_poodle,0.457117
680130881361686529,10,10,2279,935,Maltese_dog,0.199121
680115823365742593,9,10,2703,899,pug,0.999365
680100725817409536,11,10,3547,1362,golden_retriever,0.6989609999999999
680070545539371008,9,10,2565,858,Shih-Tzu,0.121811
680070545539371008,9,10,2565,858,Shih-Tzu,0.121811
679862121895714818,11,10,2440,614,EntleBucher,0.5232060000000001
679854723806179328,7,10,2833,1220,chow,0.00230739
679844490799091713,10,10,2350,753,Airedale,0.903832
679828447187857408,13,10,36030,13898,Chihuahua,0.346545
679777920601223168,10,10,3074,1093,bloodhound,0.5288189999999999
679736210798047232,9,10,2082,781,French_bulldog,0.319139
679729593985699840,8,10,2152,816,West_Highland_white_terrier,0.0935148
679722016581222400,8,10,1654,461,boxer,0.459604
679530280114372609,7,10,4766,2065,dalmatian,0.750256
679511351870550016,7,10,3343,1251,Chihuahua,0.761972
679475951516934144,9,10,2076,632,Maltese_dog,0.145742
679462823135686656,11,10,31330,18621,toy_poodle,0.62178
679158373988876288,11,10,21099,7953,pug,0.27220500000000003
679148763231985668,8,10,2757,1016,Italian_greyhound,0.302685
679132435750195208,10,10,2943,1143,Scottish_deerhound,0.19461
679111216690831360,12,10,5907,2550,kelpie,0.189423
679062614270468097,11,10,16807,7993,schipperke,0.0455186
679047485189439488,9,10,2225,658,golden_retriever,0.00293035
678991772295516161,12,10,2275,1144,Eskimo_dog,0.330216
678969228704284672,11,10,1634,453,Labrador_retriever,0.680251
678800283649069056,12,10,2541,888,Labrador_retriever,0.213673
678798276842360832,7,10,3423,1148,Airedale,0.583122
678774928607469569,11,10,2782,892,Pembroke,0.194681
678764513869611008,10,10,1618,468,Irish_terrier,0.696646
678755239630127104,10,10,7040,3230,malamute,0.606654
678740035362037760,6,10,3719,1657,beagle,0.0225251
678643457146150913,10,10,2032,401,Labrador_retriever,0.33875700000000003
678446151570427904,10,10,3954,1520,Staffordshire_bullterrier,0.284492
678410210315247616,10,10,4166,1777,schipperke,0.145877
678399652199309312,12,10,78362,31335,Bedlington_terrier,0.0150472
678396796259975168,12,10,1576,408,Pembroke,0.95618
678389028614488064,11,10,1853,418,miniature_pinscher,0.516284
678380236862578688,10,10,2404,898,Samoyed,0.0476014
678341075375947776,12,10,1708,529,golden_retriever,0.853284
678334497360859136,10,10,1292,249,Norfolk_terrier,0.378643
678278586130948096,10,10,11288,6000,Maltese_dog,0.897841
678255464182861824,9,10,1573,358,Chihuahua,0.613819
678021115718029313,12,10,13463,6234,miniature_pinscher,0.822048
677918531514703872,10,10,1327,398,Eskimo_dog,0.199347
677895101218201600,9,10,4770,2035,dalmatian,0.550702
677700003327029250,10,10,3338,1418,Siberian_husky,0.120849
677698403548192770,9,10,1212,314,Shih-Tzu,0.916645
677687604918272002,11,10,2454,837,Pembroke,0.573047
677673981332312066,9,10,3282,1477,Maltese_dog,0.817908
677644091929329666,11,10,1827,784,Chihuahua,0.626236
677565715327688705,6,10,1280,454,basset,0.397295
677557565589463040,10,10,2407,1128,Shih-Tzu,0.249017
677547928504967168,12,10,6843,3605,American_Staffordshire_terrier,0.914978
677530072887205888,9,10,1048,223,Staffordshire_bullterrier,0.6892590000000001
677334615166730240,9,10,1323,280,Lakeland_terrier,0.859392
677331501395156992,9,10,1069,232,beagle,0.313464
677328882937298944,10,10,3585,1476,kelpie,0.0290541
677314812125323265,10,10,1618,521,Blenheim_spaniel,0.924127
677301033169788928,5,10,1217,394,Japanese_spaniel,0.6611779999999999
677269281705472000,10,10,1953,696,Shetland_sheepdog,0.656616
677187300187611136,9,10,2700,904,English_setter,0.282396
676975532580409345,11,10,2728,1047,malamute,0.363257
676957860086095872,10,10,2202,798,Labrador_retriever,0.772423
676949632774234114,8,10,1280,388,Welsh_springer_spaniel,0.206479
676946864479084545,12,10,1699,362,Pekinese,0.752707
676936541936185344,8,10,12508,4824,Chesapeake_Bay_retriever,0.5452859999999999
676864501615042560,10,10,2062,695,Chesapeake_Bay_retriever,0.371146
676821958043033607,11,10,22533,15273,Great_Pyrenees,0.8698040000000001
676819651066732545,12,10,1786,650,Labrador_retriever,0.0394646
676811746707918848,9,10,1395,414,Chihuahua,0.440916
676617503762681856,13,10,2833,941,Chihuahua,0.841084
676613908052996102,12,10,1061,197,Doberman,0.0964228
676606785097199616,12,10,1858,425,malinois,0.1423
676603393314578432,9,10,1140,375,whippet,0.8770209999999999
676588346097852417,5,10,2273,763,Boston_bull,0.976577
676582956622721024,8,10,1175,268,Boston_bull,0.196307
676575501977128964,8,10,2532,1096,Yorkshire_terrier,0.0731443
676533798876651520,12,10,1834,542,chow,0.26527399999999995
676496375194980353,9,10,1489,521,pug,0.985387
676470639084101634,11,10,11386,4579,golden_retriever,0.7903859999999999
676440007570247681,11,10,1686,647,Maltese_dog,0.579472
676430933382295552,10,10,1369,337,golden_retriever,0.583875
676263575653122048,10,10,2040,530,toy_poodle,0.0980293
676237365392908289,8,10,1183,281,French_bulldog,0.961996
676219687039057920,10,10,74908,30400,whippet,0.000132464
676191832485810177,10,10,2233,1007,Chihuahua,0.376741
676146341966438401,10,10,1874,645,Irish_water_spaniel,0.388332
676101918813499392,11,10,2771,1138,Shih-Tzu,0.225848
676089483918516224,9,10,1279,427,bull_mastiff,0.743808
675898130735476737,10,10,1576,559,Labrador_retriever,0.40743
675891555769696257,6,10,2077,834,Italian_greyhound,0.305637
675888385639251968,10,10,2333,934,West_Highland_white_terrier,0.672117
675878199931371520,11,10,4084,1367,Cardigan,0.0436271
675870721063669760,11,10,1587,551,golden_retriever,0.263892
675845657354215424,10,10,2221,857,pug,0.8839520000000001
675822767435051008,10,10,1484,522,Pomeranian,0.4607100000000001
675820929667219457,11,10,1021,230,basset,0.556373
675798442703122432,10,10,10023,3327,beagle,0.681218
675781562965868544,11,10,1592,456,Maltese_dog,0.921968
675740360753160193,12,10,1135,332,golden_retriever,0.800495
675710890956750848,12,10,1848,794,standard_schnauzer,0.4414270000000001
675707330206547968,11,10,1927,664,Staffordshire_bullterrier,0.0593442
675706639471788032,10,10,627,93,English_springer,0.9903
675534494439489536,11,10,1780,403,chow,0.749368
675531475945709568,10,10,1155,370,Pembroke,0.918441
675522403582218240,10,10,1014,281,cocker_spaniel,0.299708
675517828909424640,12,10,1260,451,Scottish_deerhound,0.240591
675497103322386432,11,10,3062,1255,vizsla,0.5195890000000001
675489971617296384,10,10,1264,580,West_Highland_white_terrier,0.139613
675432746517426176,12,10,1481,552,Labrador_retriever,0.986548
675372240448454658,13,10,1647,501,Chihuahua,0.4163850000000001
675362609739206656,12,10,1022,225,Labrador_retriever,0.479008
675354435921575936,13,10,31693,16303,golden_retriever,0.181351
675349384339542016,13,10,3811,2202,borzoi,0.866367
675334060156301312,12,10,2693,1247,Pembroke,0.773135
675166823650848770,10,10,3487,1543,standard_poodle,0.132569
675149409102012420,12,10,3651,1636,chow,0.999876
675147105808306176,10,10,917,227,golden_retriever,0.949215
675146535592706048,7,10,1152,287,Cardigan,0.229944
675145476954566656,9,10,2082,869,Labrador_retriever,0.458746
675111688094527488,8,10,935,244,Labrador_retriever,0.631501
675109292475830276,9,10,2721,1101,dalmatian,0.989519
675047298674663426,11,10,1038,312,Samoyed,0.978007
675015141583413248,10,10,2629,1151,golden_retriever,0.258372
675006312288268288,10,10,957,216,boxer,0.654697
675003128568291329,12,10,1519,452,Pembroke,0.655279
674999807681908736,13,10,2181,1072,Rottweiler,0.591829
674805413498527744,10,10,835,344,English_springer,0.594467
674800520222154752,11,10,2932,827,Pembroke,0.8764790000000001
674793399141146624,13,10,2445,1056,giant_schnauzer,0.119693
674790488185167872,13,10,1071,242,Labrador_retriever,0.8019029999999999
674788554665512960,9,10,792,203,miniature_poodle,0.349561
674774481756377088,11,10,1084,453,Chihuahua,0.407016
674764817387900928,10,10,770,229,Samoyed,0.634695
674752233200820224,12,10,1424,448,vizsla,0.665516
674743008475090944,10,10,1356,531,Bernese_mountain_dog,0.583054
674739953134403584,11,10,1065,375,Dandie_Dinmont,0.17591500000000002
674737130913071104,10,10,626,85,Pomeranian,0.948537
674670581682434048,9,10,1564,626,malamute,0.180079
674646392044941312,5,10,1393,475,flat-coated_retriever,0.837448
674644256330530816,11,10,1002,260,basset,0.335692
674638615994089473,12,10,1639,560,Pomeranian,0.846986
674468880899788800,13,10,6037,1967,chow,0.52623
674447403907457024,10,10,1030,346,Brabancon_griffon,0.409909
674436901579923456,9,10,1080,377,Shih-Tzu,0.105416
674422304705744896,12,10,1391,524,golden_retriever,0.964497
674416750885273600,10,10,667,133,Chihuahua,0.28720100000000004
674410619106390016,10,10,1163,446,beagle,0.0194268
674394782723014656,8,10,1469,553,Lakeland_terrier,0.109099
674291837063053312,11,10,14249,5653,Cardigan,0.611525
674271431610523648,10,10,1520,709,German_shepherd,0.991454
674269164442398721,8,10,884,222,pug,0.6229210000000001
674262580978937856,9,10,1267,436,Greater_Swiss_Mountain_dog,0.519428
674255168825880576,10,10,1418,526,Eskimo_dog,0.615741
674082852460433408,11,10,736,163,Pomeranian,0.666957
674075285688614912,11,10,958,274,Airedale,0.305392
674053186244734976,10,10,3186,1247,Cardigan,0.984725
674051556661161984,10,10,1402,473,Shih-Tzu,0.179777
674042553264685056,12,10,696,122,toy_poodle,0.927975
674038233588723717,12,10,1068,401,Eskimo_dog,0.358459
674036086168010753,9,10,825,202,toy_poodle,0.685617
674024893172875264,10,10,1714,1179,Pomeranian,0.6485
674019345211760640,10,10,1091,292,collie,0.992732
674014384960745472,11,10,1507,610,Pembroke,0.74232
673956914389192708,10,10,1891,918,pug,0.5861609999999999
673919437611909120,11,10,1130,359,schipperke,0.115984
673906403526995968,3,10,3072,1571,soft-coated_wheaten_terrier,0.0489277
673887867907739649,10,10,907,245,Brabancon_griffon,0.216767
673711475735838725,10,10,1005,289,Maltese_dog,0.607401
673709992831262724,12,10,807,262,Chihuahua,0.330171
673708611235921920,12,10,1043,275,golden_retriever,0.936333
673707060090052608,10,10,1059,379,German_short-haired_pointer,0.935771
673705679337693185,8,10,1215,394,Shih-Tzu,0.165383
673689733134946305,11,10,1681,620,Chesapeake_Bay_retriever,0.38222
673688752737402881,9,10,1219,476,soft-coated_wheaten_terrier,0.340806
673686845050527744,11,10,1392,415,Pekinese,0.185903
673680198160809984,13,10,1323,447,Samoyed,0.989853
673662677122719744,12,10,1212,352,Labrador_retriever,0.95767
673656262056419329,10,10,695,228,bull_mastiff,0.700625
673636718965334016,10,10,1067,347,pug,0.0190443
673612854080196609,7,10,1550,690,Newfoundland,0.223101
673583129559498752,11,10,1148,345,golden_retriever,0.113946
673580926094458881,8,10,805,264,beagle,0.985062
673359818736984064,8,10,1400,645,English_setter,0.6965680000000001
673355879178194945,11,10,1452,554,Rottweiler,0.5292479999999999
673352124999274496,12,10,1603,520,golden_retriever,0.672808
673350198937153538,9,10,725,201,West_Highland_white_terrier,0.11918800000000003
673345638550134785,7,10,2423,1210,Pomeranian,0.064627
673343217010679808,11,10,934,258,Chihuahua,0.541408
673342308415348736,10,10,1232,551,Chihuahua,0.013559200000000002
673320132811366400,11,10,12980,7566,Samoyed,0.978833
673317986296586240,10,10,849,244,miniature_pinscher,0.384099
673295268553605120,8,10,7252,3048,golden_retriever,0.889241
673270968295534593,11,10,1038,347,Shih-Tzu,0.610453
673240798075449344,6,10,1374,693,Airedale,0.443004
673213039743795200,10,10,2169,810,schipperke,0.8880819999999999
672997845381865473,12,10,1900,682,chow,0.517255
672995267319328768,8,10,914,274,French_bulldog,0.7195590000000001
672988786805112832,10,10,953,277,Lakeland_terrier,0.8366319999999999
672980819271634944,5,10,1751,972,basset,0.219461
672975131468300288,10,10,1617,866,pug,0.8364209999999999
672968025906282496,11,10,1281,521,toy_poodle,0.678046
672964561327235073,10,10,1371,617,Chihuahua,0.292343
672877615439593473,8,10,997,338,Chihuahua,0.412362
672834301050937345,10,10,1268,541,Pembroke,0.5825600000000001
672640509974827008,9,10,944,303,Chesapeake_Bay_retriever,0.420155
672622327801233409,12,10,1244,465,golden_retriever,0.952773
672604026190569472,11,10,1075,383,toy_poodle,0.8201579999999999
672594978741354496,9,10,1290,587,Great_Pyrenees,0.755945
672591762242805761,10,10,924,323,kuvasz,0.777659
672538107540070400,7,10,998,349,Chihuahua,0.160274
672523490734551040,10,10,610,161,golden_retriever,0.5659810000000001
672488522314567680,10,10,1070,417,Doberman,0.605358
672482722825261057,10,10,1086,570,West_Highland_white_terrier,0.5861729999999999
672481316919734272,12,10,693,123,Border_collie,0.599454
672466075045466113,12,10,1306,510,cocker_spaniel,0.150424
672272411274932228,11,10,6213,3222,pug,0.914685
672267570918129665,10,10,1441,593,Irish_terrier,0.716932
672264251789176834,10,10,1096,324,Chihuahua,0.6098600000000001
672254177670729728,11,10,1384,708,pug,0.979487
672248013293752320,10,10,1677,573,Irish_terrier,0.413173
672245253877968896,12,10,661,147,Chihuahua,0.7189439999999999
672239279297454080,7,10,863,310,pug,0.332536
672222792075620352,9,10,756,203,beagle,0.958178
672205392827572224,9,10,2178,1105,pug,0.00326691
672169685991993344,10,10,981,353,cocker_spaniel,0.991011
672160042234327040,8,10,840,341,pug,0.561027
672139350159835138,12,10,1682,663,Rottweiler,0.29099200000000003
672125275208069120,11,10,2299,1095,golden_retriever,8.67567e-05
672095186491711488,9,10,967,356,pug,0.794087
672082170312290304,11,10,908,350,toy_poodle,0.123962
672068090318987265,7,10,1249,495,pug,0.8633850000000001
671896809300709376,10,10,8188,4002,chow,0.243529
671891728106971137,11,10,1270,550,Labrador_retriever,0.567933
671866342182637568,10,10,1082,473,Labrador_retriever,0.8756139999999999
671789708968640512,13,10,6793,3321,dalmatian,0.114259
671768281401958400,10,10,1152,480,Chihuahua,0.500373
671743150407421952,11,10,723,227,toy_poodle,0.4194270000000001
671735591348891648,11,10,1391,726,Irish_wolfhound,0.06307819999999999
671729906628341761,13,10,8195,4167,kuvasz,0.431469
671561002136281088,13,10,12321,6930,Gordon_setter,0.4693729999999999
671542985629241344,10,10,1050,539,Shetland_sheepdog,0.980339
671536543010570240,9,10,1125,388,pug,0.537652
671528761649688577,10,10,814,248,Doberman,0.782626
671520732782923777,10,10,1342,505,Pomeranian,0.551031
671518598289059840,9,10,916,284,Lakeland_terrier,0.428275
671504605491109889,11,10,6731,3410,toy_poodle,0.259115
671486386088865792,10,10,560,186,German_shepherd,0.8270350000000001
671485057807351808,11,10,729,223,Samoyed,0.627901
671357843010908160,9,10,385,147,Italian_greyhound,0.831757
671355857343524864,10,10,468,114,miniature_poodle,0.313811
671186162933985280,10,10,705,201,Chihuahua,0.319106
671182547775299584,12,10,1077,322,Rottweiler,0.331179
671163268581498880,8,10,1587,1049,Scottish_deerhound,0.0269829
671154572044468225,11,10,685,208,Labrador_retriever,0.495047
671151324042559489,12,10,643,145,Rottweiler,0.781201
671147085991960577,9,10,643,205,Yorkshire_terrier,0.4672020000000001
671141549288370177,9,10,1109,626,borzoi,0.0753577
671138694582165504,10,10,888,382,Samoyed,0.587342
671134062904504320,8,10,717,184,Shih-Tzu,0.18038
671122204919246848,4,10,3365,2407,Chihuahua,0.101228
671115716440031232,6,10,1317,745,malinois,0.406341
671109016219725825,8,10,1106,418,basenji,0.855959
670995969505435648,12,10,1070,280,redbone,0.8662209999999999
670840546554966016,10,10,561,185,Shih-Tzu,0.963622
670833812859932673,7,10,425,117,Pekinese,0.609853
670832455012716544,10,10,704,208,malinois,0.31760700000000003
670823764196741120,12,10,742,179,Labrador_retriever,0.947453
670822709593571328,10,10,585,91,Chihuahua,0.00125152
670815497391357952,10,10,3051,1473,American_Staffordshire_terrier,0.919714
670811965569282048,10,10,1088,260,basset,0.99409
670807719151067136,11,10,1123,467,Old_English_sheepdog,0.958035
670804601705242624,10,10,1886,915,Pomeranian,0.86856
670803562457407488,10,10,331,84,basenji,0.34410100000000005
670797304698376195,11,10,710,227,Pembroke,0.472197
670792680469889025,7,10,795,262,toy_poodle,0.031355
670789397210615808,9,10,637,224,beagle,0.295966
670786190031921152,8,10,578,193,Pembroke,0.12743800000000002
670782429121134593,5,10,1494,735,Chihuahua,0.952963
670780561024270336,7,10,762,277,Labrador_retriever,0.244889
670778058496974848,10,10,319,70,pug,0.776612
670764103623966721,10,10,1038,401,Norfolk_terrier,0.17285
670755717859713024,9,10,425,104,keeshond,0.994065
670717338665226240,12,10,1152,461,Pomeranian,0.368161
670704688707301377,6,10,748,356,Norwich_terrier,0.419838
670691627984359425,8,10,571,231,Shetland_sheepdog,0.07112439999999999
670679630144274432,8,10,726,270,Ibizan_hound,0.34273400000000004
670676092097810432,8,10,238,40,Dandie_Dinmont,0.6761020000000001
670452855871037440,11,10,528,194,malamute,0.08037949999999999
670444955656130560,10,10,6473,1896,English_springer,0.403698
670442337873600512,11,10,627,190,Sussex_spaniel,0.403552
670435821946826752,10,10,1016,491,basenji,0.135767
670434127938719744,11,10,1353,619,Chesapeake_Bay_retriever,0.027351
670433248821026816,10,10,319,107,giant_schnauzer,0.0622148
670428280563085312,11,10,1330,592,chow,0.335269
670427002554466305,9,10,505,152,toy_terrier,0.0388716
670421925039075328,12,10,1257,603,Chihuahua,0.275793
670411370698022913,12,10,1949,848,Maltese_dog,0.584397
670403879788544000,10,10,410,144,pug,0.8022229999999999
670385711116361728,8,10,544,194,whippet,0.178027
670374371102445568,12,10,722,259,English_springer,0.974936
670338931251150849,10,10,411,102,cairn,0.245033
670319130621435904,11,10,3739,1162,Irish_terrier,0.254856
670303360680108032,9,10,416,125,Shetland_sheepdog,0.380278
670290420111441920,11,10,675,270,Chihuahua,0.368876
670093938074779648,9,10,989,316,toy_poodle,0.383346
670086499208155136,10,10,674,244,German_short-haired_pointer,0.273492
670073503555706880,10,10,1507,753,malamute,0.6018859999999999
670061506722140161,11,10,735,318,Italian_greyhound,0.329339
670046952931721218,11,10,622,163,Blenheim_spaniel,0.998335
670040295598354432,10,10,724,105,borzoi,0.0266596
670003130994700288,10,10,318,87,beagle,0.375313
669993076832759809,9,10,313,80,toy_poodle,0.08650160000000001
669970042633789440,10,10,292,55,miniature_pinscher,0.734744
669942763794931712,11,10,487,152,vizsla,0.743216
669926384437997569,12,10,362,94,Pomeranian,0.984231
669753178989142016,10,10,778,377,Pembroke,0.8584940000000001
669683899023405056,10,10,374,104,Pomeranian,0.998275
669680153564442624,8,10,645,269,dalmatian,0.141257
669625907762618368,12,10,3400,1730,golden_retriever,0.0554081
669603084620980224,10,10,915,345,Maltese_dog,0.659619
669597912108789760,10,10,495,142,Eskimo_dog,0.595665
669573570759163904,10,10,422,132,West_Highland_white_terrier,0.946828
669567591774625800,9,10,227,53,Chihuahua,0.980511
669564461267722241,10,10,372,117,toy_poodle,0.623685
669393256313184256,10,10,347,71,cocker_spaniel,0.359843
669375718304980992,6,10,1276,696,Airedale,0.168762
669371483794317312,10,10,478,171,Brabancon_griffon,0.483268
669367896104181761,10,10,443,143,basset,0.749394
669363888236994561,10,10,600,216,golden_retriever,0.539004
669359674819481600,11,10,357,114,Labrador_retriever,0.367818
669354382627049472,8,10,2593,1226,Chihuahua,0.97399
669353438988365824,10,10,605,248,Pembroke,0.212343
669328503091937280,12,10,978,399,Siberian_husky,0.424202
669327207240699904,13,10,555,114,golden_retriever,0.919584
669324657376567296,11,10,484,198,Cardigan,0.131544
669216679721873412,8,10,1146,389,golden_retriever,0.992758
669203728096960512,9,10,972,451,pug,0.910452
669037058363662336,10,10,628,298,Chihuahua,0.803528
669006782128353280,12,10,558,237,Chihuahua,0.127178
669000397445533696,11,10,20129,6094,Pembroke,0.82294
668994913074286592,5,10,424,217,English_springer,0.0897633
668989615043424256,3,10,650,315,pug,0.917326
668986018524233728,9,10,533,156,Chihuahua,0.00563972
668979806671884288,12,10,770,333,golden_retriever,0.608537
668975677807423489,11,10,1249,555,basset,0.605437
668960084974809088,10,10,679,231,Chesapeake_Bay_retriever,0.165878
668955713004314625,10,10,266,67,cocker_spaniel,0.367492
668932921458302977,9,10,252,55,standard_poodle,0.237638
668902994700836864,11,10,308,97,Brittany_spaniel,0.828425
668892474547511297,11,10,385,143,kelpie,0.421979
668872652652679168,11,10,510,289,miniature_schnauzer,0.0355366
668852170888998912,11,10,436,153,golden_retriever,0.903529
668826086256599040,10,10,422,128,malinois,0.640185
668815180734689280,7,10,540,252,redbone,0.461172
668779399630725120,10,10,680,351,Chesapeake_Bay_retriever,0.285508
668655139528511488,11,10,505,210,beagle,0.31911
668641109086707712,10,10,1031,521,pug,0.146311
668636665813057536,10,10,1003,469,komondor,0.999956
668633411083464705,10,10,2694,1543,Pekinese,0.589011
668631377374486528,5,10,681,302,miniature_schnauzer,0.904549
668627278264475648,9,10,304,109,French_bulldog,0.965403
668625577880875008,10,10,368,122,groenendael,0.0544548
668623201287675904,10,10,1369,722,Chihuahua,0.708163
668567822092664832,11,10,233,50,Shih-Tzu,0.985649
668542336805281792,10,10,436,203,American_Staffordshire_terrier,0.267695
668537837512433665,8,10,245,67,Lakeland_terrier,0.372988
668528771708952576,12,10,446,213,Labrador_retriever,0.195835
668507509523615744,10,10,311,101,basenji,0.0553794
668496999348633600,8,10,393,126,Staffordshire_bullterrier,0.412879
668484198282485761,9,10,412,224,standard_poodle,0.587372
668480044826800133,11,10,439,141,Labrador_retriever,0.0999648
668297328638447616,9,10,602,284,Eskimo_dog,0.0327838
668286279830867968,11,10,483,130,golden_retriever,0.215944
668274247790391296,10,10,792,223,soft-coated_wheaten_terrier,0.406374
668268907921326080,10,10,536,222,Pembroke,0.48483
668256321989451776,13,10,1244,573,Pembroke,0.0944294
668248472370458624,8,10,936,460,Chihuahua,0.7345470000000001
668237644992782336,10,10,5951,2711,chow,0.8093199999999999
668221241640230912,10,10,497,187,chow,0.395101
668204964695683073,8,10,536,186,Labrador_retriever,0.65518
668190681446379520,12,10,624,191,Blenheim_spaniel,0.958402
668171859951755264,7,10,466,184,Chihuahua,0.664834
668113020489474048,6,10,646,224,Pembroke,0.548896
667924896115245057,9,10,285,108,Labrador_retriever,0.209051
667915453470232577,10,10,200,53,boxer,0.196655
667902449697558528,9,10,824,360,Norwegian_elkhound,0.298881
667886921285246976,11,10,1798,1028,Pomeranian,0.8004319999999999
667885044254572545,10,10,789,449,malamute,0.0885297
667861340749471744,9,10,234,74,malamute,0.967275
667832474953625600,12,10,285,60,miniature_pinscher,0.2142
667806454573760512,10,10,1013,469,Chihuahua,0.187155
667801013445750784,12,10,316,93,flat-coated_retriever,0.508392
667793409583771648,8,10,675,313,dalmatian,0.5350729999999999
667773195014021121,8,10,225,52,West_Highland_white_terrier,0.360465
667728196545200128,11,10,365,143,kuvasz,0.360159
667546741521195010,9,10,326,116,toy_poodle,0.787424
667544320556335104,10,10,826,499,Pomeranian,0.412893
667538891197542400,9,10,197,62,Yorkshire_terrier,0.618957
667534815156183040,8,10,786,498,Pembroke,0.435254
667530908589760512,10,10,448,225,golden_retriever,0.633037
667524857454854144,12,10,1623,1063,Chesapeake_Bay_retriever,0.08812239999999999
667517642048163840,8,10,352,181,Italian_greyhound,0.125176
667509364010450944,12,10,6506,2021,beagle,0.636169
667502640335572993,11,10,518,212,Labrador_retriever,0.996709
667495797102141441,9,10,501,253,Chihuahua,0.143957
667491009379606528,7,10,509,212,borzoi,0.852088
667470559035432960,11,10,244,90,toy_poodle,0.304175
667455448082227200,7,10,183,56,Tibetan_terrier,0.676376
667453023279554560,11,10,297,84,Labrador_retriever,0.8256700000000001
667435689202614272,12,10,296,82,Rottweiler,0.999091
667405339315146752,7,10,448,213,Saint_Bernard,0.381377
667393430834667520,8,10,186,52,papillon,0.557009
667211855547486208,9,10,465,227,golden_retriever,0.462556
667200525029539841,11,10,587,248,Siberian_husky,0.694904
667192066997374976,12,10,367,93,Rottweiler,0.28364
667182792070062081,10,10,13665,5854,golden_retriever,0.949892
667177989038297088,8,10,183,51,vizsla,0.25924899999999995
667176164155375616,4,10,582,434,soft-coated_wheaten_terrier,0.318981
667174963120574464,9,10,233,74,toy_poodle,0.266437
667171260800061440,10,10,210,79,giant_schnauzer,0.8412649999999999
667165590075940865,10,10,2568,1072,miniature_pinscher,0.140173
667160273090932737,11,10,247,60,golden_retriever,0.471351
667152164079423490,12,10,45576,16062,toy_poodle,0.535411
667138269671505920,10,10,4369,2072,West_Highland_white_terrier,0.747713
667119796878725120,10,10,318,123,Pembroke,0.741563
667090893657276420,7,10,317,118,Chihuahua,0.959514
667073648344346624,10,10,379,112,Chihuahua,0.483682
667062181243039745,10,10,210,49,Chesapeake_Bay_retriever,0.825678
667044094246576128,12,10,176,47,golden_retriever,0.765266
666996132027977728,10,10,231,84,Rottweiler,0.0624899
666835007768551424,10,10,200,77,Airedale,0.448459
666826780179869698,12,10,242,88,Maltese_dog,0.359383
666817836334096384,9,10,490,236,miniature_schnauzer,0.496953
666804364988780544,8,10,222,85,English_setter,0.32879200000000003
666781792255496192,10,10,367,179,Italian_greyhound,0.618316
666776908487630848,5,10,331,161,miniature_pinscher,0.167175
666739327293083650,10,10,223,62,miniature_poodle,0.546933
666701168228331520,8,10,407,206,Labrador_retriever,0.887707
666691418707132416,8,10,176,45,German_shepherd,0.975401
666649482315059201,4,10,1061,582,Border_collie,0.447803
666644823164719104,9,10,221,76,Ibizan_hound,0.0443334
666454714377183233,10,10,489,199,dalmatian,0.278954
666447344410484738,9,10,98,18,curly-coated_retriever,0.32208400000000004
666437273139982337,7,10,116,42,Chihuahua,0.6718529999999999
666435652385423360,10,10,159,47,Chesapeake_Bay_retriever,0.18413
666430724426358785,6,10,300,177,Irish_terrier,0.104109
666428276349472768,7,10,156,77,Pembroke,0.371361
666421158376562688,12,10,301,105,Blenheim_spaniel,0.906777
666418789513326592,10,10,115,42,toy_terrier,0.14968
666407126856765440,7,10,100,32,black-and-tan_coonhound,0.529139
666396247373291520,9,10,158,75,Chihuahua,0.978108
666373753744588802,11,10,173,83,soft-coated_wheaten_terrier,0.326467
666353288456101888,8,10,198,66,malamute,0.33687399999999995
666345417576210432,10,10,274,128,golden_retriever,0.8587440000000001
666337882303524864,9,10,181,83,Newfoundland,0.278407
666287406224695296,9,10,136,62,Maltese_dog,0.8575309999999999
666273097616637952,11,10,161,71,Italian_greyhound,0.176053
666102155909144576,11,10,70,11,English_setter,0.298617
666099513787052032,8,10,143,60,Lhasa,0.58233
666094000022159362,9,10,154,67,bloodhound,0.195217
666082916733198337,6,10,103,41,pug,0.489814
666073100786774016,10,10,296,146,Walker_hound,0.260857
666071193221509120,9,10,136,53,Gordon_setter,0.503672
666063827256086533,10,10,448,197,golden_retriever,0.77593
666058600524156928,8,10,105,54,miniature_poodle,0.201493
666057090499244032,9,10,268,126,golden_retriever,0.00795896
666055525042405380,10,10,409,220,chow,0.692517
666050758794694657,10,10,125,51,Bernese_mountain_dog,0.651137
666049248165822465,5,10,96,39,miniature_pinscher,0.560311
666044226329800704,6,10,272,132,Rhodesian_ridgeback,0.408143
666033412701032449,9,10,112,41,German_shepherd,0.596461
666029285002620928,7,10,121,42,redbone,0.506826
666020888022790149,8,10,2413,462,Welsh_springer_spaniel,0.465074
